MicrobeID	NCBI Taxonomy ID	Strain	Species	Genus	Family	Order	Class	Phylum	Kingdom
Abiotrophia_defectiva_ATCC_49176	592010	Abiotrophia defectiva ATCC 49176	Abiotrophia defectiva	Abiotrophia	Aerococcaceae	Lactobacillales	Bacilli	Firmicutes	Bacteria
Acidaminococcus_fermentans_DSM_20731	591001	Acidaminococcus fermentans DSM 20731	Acidaminococcus fermentans	Acidaminococcus	Acidaminococcaceae	Acidaminococcales	Negativicutes	Firmicutes	Bacteria
Acidaminococcus_intestini_RyC_MR95	568816	Acidaminococcus intestini RyC-MR95	Acidaminococcus intestini	Acidaminococcus	Acidaminococcaceae	Acidaminococcales	Negativicutes	Firmicutes	Bacteria
Acidaminococcus_sp_D21	904	Acidaminococcus	Acidaminococcus sp. D21	Acidaminococcus	Acidaminococcaceae	Acidaminococcales	Negativicutes	Firmicutes	Bacteria
Acinetobacter_calcoaceticus_PHEA_2	871585	Acinetobacter pittii PHEA-2	Acinetobacter pittii	Acinetobacter	Moraxellaceae	Moraxellales	Gammaproteobacteria	Proteobacteria	Bacteria
Acinetobacter_haemolyticus_NIPH_261	1217986	Acinetobacter haemolyticus NIPH 261	Acinetobacter haemolyticus	Acinetobacter	Moraxellaceae	Moraxellales	Gammaproteobacteria	Proteobacteria	Bacteria
Acinetobacter_johnsonii_SH046	575586	Acinetobacter johnsonii SH046	Acinetobacter johnsonii	Acinetobacter	Moraxellaceae	Moraxellales	Gammaproteobacteria	Proteobacteria	Bacteria
Acinetobacter_junii_SH205	575587	Acinetobacter junii SH205	Acinetobacter junii	Acinetobacter	Moraxellaceae	Moraxellales	Gammaproteobacteria	Proteobacteria	Bacteria
Acinetobacter_lwoffii_WJ10621	1046625	Acinetobacter lwoffii WJ10621	Acinetobacter lwoffii	Acinetobacter	Moraxellaceae	Moraxellales	Gammaproteobacteria	Proteobacteria	Bacteria
Acinetobacter_pittii_ANC_4052	1217689	Acinetobacter pittii ANC 4052	Acinetobacter pittii	Acinetobacter	Moraxellaceae	Moraxellales	Gammaproteobacteria	Proteobacteria	Bacteria
Actinobacillus_pleuropneumoniae_L20	416269	Actinobacillus pleuropneumoniae serovar 5b str. L20	Actinobacillus pleuropneumoniae	Actinobacillus	Pasteurellaceae	Pasteurellales	Gammaproteobacteria	Proteobacteria	Bacteria
Actinomyces_cardiffensis_F0333	888050	Schaalia cardiffensis F0333	Schaalia cardiffensis	Schaalia	Actinomycetaceae	Actinomycetales	Actinomycetia	Actinobacteria	Bacteria
Actinomyces_graevenitzii_C83	435830	Actinomyces graevenitzii C83	Actinomyces graevenitzii	Actinomyces	Actinomycetaceae	Actinomycetales	Actinomycetia	Actinobacteria	Bacteria
Actinomyces_odontolyticus_ATCC_17982	411466	Schaalia odontolytica ATCC 17982	Schaalia odontolytica	Schaalia	Actinomycetaceae	Actinomycetales	Actinomycetia	Actinobacteria	Bacteria
Actinomyces_turicensis_ACS_279_V_Col4	883077	Schaalia turicensis ACS-279-V-Col4	Schaalia turicensis	Schaalia	Actinomycetaceae	Actinomycetales	Actinomycetia	Actinobacteria	Bacteria
Actinomyces_urogenitalis_DSM_15434	525246	Actinomyces urogenitalis DSM 15434	Actinomyces urogenitalis	Actinomyces	Actinomycetaceae	Actinomycetales	Actinomycetia	Actinobacteria	Bacteria
Actinomyces_viscosus_C505	562973	Actinomyces viscosus C505	Actinomyces viscosus	Actinomyces	Actinomycetaceae	Actinomycetales	Actinomycetia	Actinobacteria	Bacteria
Adlercreutzia_equolifaciens_DSM_19450	1384484	Adlercreutzia equolifaciens DSM 19450	Adlercreutzia equolifaciens	Adlercreutzia	Eggerthellaceae	Eggerthellales	Coriobacteriia	Actinobacteria	Bacteria
Aerococcus_viridans_ATCC_11563	655812	Aerococcus viridans ATCC 11563 = CCUG 4311	Aerococcus viridans	Aerococcus	Aerococcaceae	Lactobacillales	Bacilli	Firmicutes	Bacteria
Aeromonas_caviae_Ae398	878320	Aeromonas caviae Ae398	Aeromonas caviae	Aeromonas	Aeromonadaceae	Aeromonadales	Gammaproteobacteria	Proteobacteria	Bacteria
Aeromonas_hydrophila_subsp_hydrophila_ATCC_7966	380703	Aeromonas hydrophila subsp. hydrophila ATCC 7966	Aeromonas hydrophila	Aeromonas	Aeromonadaceae	Aeromonadales	Gammaproteobacteria	Proteobacteria	Bacteria
Aeromonas_veronii_B565	998088	Aeromonas veronii B565	Aeromonas veronii	Aeromonas	Aeromonadaceae	Aeromonadales	Gammaproteobacteria	Proteobacteria	Bacteria
Afipia_birgiae_34632	1197906	Afipia birgiae 34632	Afipia birgiae	Afipia	Bradyrhizobiaceae	Hyphomicrobiales	Alphaproteobacteria	Proteobacteria	Bacteria
Akkermansia_muciniphila_ATCC_BAA_835	349741	Akkermansia muciniphila ATCC BAA-835	Akkermansia muciniphila	Akkermansia	Akkermansiaceae	Verrucomicrobiales	Verrucomicrobiae	Verrucomicrobia	Bacteria
Alcaligenes_faecalis_subsp_faecalis_NBRC_13111	1218102	Alcaligenes faecalis subsp. faecalis NBRC 13111	Alcaligenes faecalis	Alcaligenes	Alcaligenaceae	Burkholderiales	Betaproteobacteria	Proteobacteria	Bacteria
Alistipes_finegoldii_DSM_17242	679935	Alistipes finegoldii DSM 17242	Alistipes finegoldii	Alistipes	Rikenellaceae	Bacteroidales	Bacteroidia	Bacteroidetes	Bacteria
Alistipes_indistinctus_YIT_12060	742725	Alistipes indistinctus YIT 12060	Alistipes indistinctus	Alistipes	Rikenellaceae	Bacteroidales	Bacteroidia	Bacteroidetes	Bacteria
Alistipes_onderdonkii_DSM_19147	1203611	Alistipes onderdonkii WAL 8169 = DSM 19147	Alistipes onderdonkii	Alistipes	Rikenellaceae	Bacteroidales	Bacteroidia	Bacteroidetes	Bacteria
Alistipes_shahii_WAL_8301	717959	Alistipes shahii WAL 8301	Alistipes shahii	Alistipes	Rikenellaceae	Bacteroidales	Bacteroidia	Bacteroidetes	Bacteria
Anaerobaculum_hydrogeniformans_OS1_ATCC_BAA_1850	649746	Acetomicrobium hydrogeniformans	Anaerobaculum hydrogeniformans	Acetomicrobium	Synergistaceae	Synergistales	Synergistia	Synergistetes	Bacteria
Anaerococcus_hydrogenalis_DSM_7454	561177	Anaerococcus hydrogenalis DSM 7454	Anaerococcus hydrogenalis	Anaerococcus	Peptoniphilaceae	Tissierellales	Tissierellia	Firmicutes	Bacteria
Anaerococcus_prevotii_DSM_20548	525919	Anaerococcus prevotii DSM 20548	Anaerococcus prevotii	Anaerococcus	Peptoniphilaceae	Tissierellales	Tissierellia	Firmicutes	Bacteria
Anaerofustis_stercorihominis_DSM_17244	445971	Anaerofustis stercorihominis DSM 17244	Anaerofustis stercorihominis	Anaerofustis	Eubacteriaceae	Eubacteriales	Clostridia	Firmicutes	Bacteria
Anaerostipes_caccae_DSM_14662	411490	Anaerostipes caccae L1-92	Anaerostipes caccae	Anaerostipes	Lachnospiraceae	Eubacteriales	Clostridia	Firmicutes	Bacteria
Anaerostipes_sp_3_2_56FAA	207244	Anaerostipes	Anaerostipes sp. 3_2_56FAA	Anaerostipes	Lachnospiraceae	Eubacteriales	Clostridia	Firmicutes	Bacteria
Anaerotruncus_colihominis_DSM_17241	445972	Anaerotruncus colihominis DSM 17241	Anaerotruncus colihominis	Anaerotruncus	Oscillospiraceae	Eubacteriales	Clostridia	Firmicutes	Bacteria
Arcanobacterium_haemolyticum_DSM_20595	644284	Arcanobacterium haemolyticum DSM 20595	Arcanobacterium haemolyticum	Arcanobacterium	Actinomycetaceae	Actinomycetales	Actinomycetia	Actinobacteria	Bacteria
Arcobacter_butzleri_RM4018	367737	Aliarcobacter butzleri RM4018	Aliarcobacter butzleri	Aliarcobacter	Arcobacteraceae	Campylobacterales	Epsilonproteobacteria	Proteobacteria	Bacteria
Atopobium_minutum_10063974	997872	Atopobium minutum 10063974	Atopobium minutum	Atopobium	Atopobiaceae	Coriobacteriales	Coriobacteriia	Actinobacteria	Bacteria
Atopobium_parvulum_DSM_20469	521095	Lancefieldella parvulum DSM 20469	Lancefieldella parvula	Lancefieldella	Atopobiaceae	Coriobacteriales	Coriobacteriia	Actinobacteria	Bacteria
Atopobium_rimae_ATCC_49626	553184	Lancefieldella rimae ATCC 49626	Lancefieldella rimae	Lancefieldella	Atopobiaceae	Coriobacteriales	Coriobacteriia	Actinobacteria	Bacteria
Bacillus_atrophaeus_ATCC_49822_1	743710	Bacillus atrophaeus ATCC 49822-1	Bacillus atrophaeus	Bacillus	Bacillaceae	Bacillales	Bacilli	Firmicutes	Bacteria
Bacillus_cereus_AH187_F4810_72	405534	Bacillus cereus AH187	Bacillus cereus	Bacillus	Bacillaceae	Bacillales	Bacilli	Firmicutes	Bacteria
Bacillus_cereus_G9842	405531	Bacillus cereus G9842	Bacillus cereus	Bacillus	Bacillaceae	Bacillales	Bacilli	Firmicutes	Bacteria
Bacillus_clausii_KSM_K16	66692	Alkalihalobacillus clausii KSM-K16	Alkalihalobacillus clausii	Alkalihalobacillus	Bacillaceae	Bacillales	Bacilli	Firmicutes	Bacteria
Bacillus_endophyticus_2102	1196029	Priestia endophytica 2102	Priestia endophytica	Priestia	Bacillaceae	Bacillales	Bacilli	Firmicutes	Bacteria
Bacillus_fordii_DSM_16014	1121090	Siminovitchia fordii DSM 16014 = CIP 108821	Siminovitchia fordii	Siminovitchia	Bacillaceae	Bacillales	Bacilli	Firmicutes	Bacteria
Bacillus_halodurans_C_125	272558	Alkalihalobacillus halodurans C-125	Alkalihalobacillus halodurans	Alkalihalobacillus	Bacillaceae	Bacillales	Bacilli	Firmicutes	Bacteria
Bacillus_mojavensis_RO_H_1	1051501	Bacillus mojavensis RO-H-1 = KCTC 3706	Bacillus mojavensis	Bacillus	Bacillaceae	Bacillales	Bacilli	Firmicutes	Bacteria
Bacillus_mycoides_DSM_2048	526997	Bacillus mycoides DSM 2048	Bacillus mycoides	Bacillus	Bacillaceae	Bacillales	Bacilli	Firmicutes	Bacteria
Bacillus_pseudofirmus_OF4	398511	Alkalihalophilus pseudofirmus OF4	Alkalihalophilus pseudofirmus	Alkalihalophilus	Bacillaceae	Bacillales	Bacilli	Firmicutes	Bacteria
Bacillus_pumilus_ATCC_7061	536229	Bacillus pumilus ATCC 7061	Bacillus pumilus	Bacillus	Bacillaceae	Bacillales	Bacilli	Firmicutes	Bacteria
Bacillus_sonorensis_L12	1274524	Bacillus sonorensis L12	Bacillus sonorensis	Bacillus	Bacillaceae	Bacillales	Bacilli	Firmicutes	Bacteria
Bacillus_vallismortis_DV1_F_3	1051502	Bacillus vallismortis DV1-F-3	Bacillus vallismortis	Bacillus	Bacillaceae	Bacillales	Bacilli	Firmicutes	Bacteria
Bacteroides_caccae_ATCC_43185	411901	Bacteroides caccae ATCC 43185	Bacteroides caccae	Bacteroides	Bacteroidaceae	Bacteroidales	Bacteroidia	Bacteroidetes	Bacteria
Bacteroides_clarus_YIT_12056	762984	Bacteroides clarus YIT 12056	Bacteroides clarus	Bacteroides	Bacteroidaceae	Bacteroidales	Bacteroidia	Bacteroidetes	Bacteria
Bacteroides_coprocola_M16_DSM_17136	470145	Phocaeicola coprocola DSM 17136	Phocaeicola coprocola	Phocaeicola	Bacteroidaceae	Bacteroidales	Bacteroidia	Bacteroidetes	Bacteria
Bacteroides_coprophilus_DSM_18228	547042	Phocaeicola coprophilus DSM 18228 = JCM 13818	Phocaeicola coprophilus	Phocaeicola	Bacteroidaceae	Bacteroidales	Bacteroidia	Bacteroidetes	Bacteria
Bacteroides_dorei_DSM_17855	483217	Phocaeicola dorei DSM 17855	Phocaeicola dorei	Phocaeicola	Bacteroidaceae	Bacteroidales	Bacteroidia	Bacteroidetes	Bacteria
Bacteroides_eggerthii_1_2_48FAA	665953	Bacteroides eggerthii 1_2_48FAA	Bacteroides eggerthii	Bacteroides	Bacteroidaceae	Bacteroidales	Bacteroidia	Bacteroidetes	Bacteria
Bacteroides_eggerthii_DSM_20697	483216	Bacteroides eggerthii DSM 20697	Bacteroides eggerthii	Bacteroides	Bacteroidaceae	Bacteroidales	Bacteroidia	Bacteroidetes	Bacteria
Bacteroides_faecis_MAJ27	1077285	Bacteroides faecis MAJ27	Bacteroides faecis	Bacteroides	Bacteroidaceae	Bacteroidales	Bacteroidia	Bacteroidetes	Bacteria
Bacteroides_finegoldii_DSM_17565	483215	Bacteroides finegoldii DSM 17565	Bacteroides finegoldii	Bacteroides	Bacteroidaceae	Bacteroidales	Bacteroidia	Bacteroidetes	Bacteria
Bacteroides_fluxus_YIT_12057	763034	Bacteroides fluxus YIT 12057	Bacteroides fluxus	Bacteroides	Bacteroidaceae	Bacteroidales	Bacteroidia	Bacteroidetes	Bacteria
Bacteroides_fragilis_3_1_12	457424	Bacteroides fragilis 3_1_12	Bacteroides fragilis	Bacteroides	Bacteroidaceae	Bacteroidales	Bacteroidia	Bacteroidetes	Bacteria
Bacteroides_fragilis_638R	862962	Bacteroides fragilis 638R	Bacteroides fragilis	Bacteroides	Bacteroidaceae	Bacteroidales	Bacteroidia	Bacteroidetes	Bacteria
Bacteroides_fragilis_NCTC_9343	272559	Bacteroides fragilis NCTC 9343	Bacteroides fragilis	Bacteroides	Bacteroidaceae	Bacteroidales	Bacteroidia	Bacteroidetes	Bacteria
Bacteroides_fragilis_YCH46	295405	Bacteroides fragilis YCH46	Bacteroides fragilis	Bacteroides	Bacteroidaceae	Bacteroidales	Bacteroidia	Bacteroidetes	Bacteria
Bacteroides_intestinalis_341_DSM_17393	471870	Bacteroides intestinalis DSM 17393	Bacteroides intestinalis	Bacteroides	Bacteroidaceae	Bacteroidales	Bacteroidia	Bacteroidetes	Bacteria
Bacteroides_nordii_CL02T12C05	997884	Bacteroides nordii CL02T12C05	Bacteroides nordii	Bacteroides	Bacteroidaceae	Bacteroidales	Bacteroidia	Bacteroidetes	Bacteria
Bacteroides_oleiciplenus_YIT_12058	742727	Bacteroides oleiciplenus YIT 12058	Bacteroides oleiciplenus	Bacteroides	Bacteroidaceae	Bacteroidales	Bacteroidia	Bacteroidetes	Bacteria
Bacteroides_ovatus_ATCC_8483	411476	Bacteroides ovatus ATCC 8483	Bacteroides ovatus	Bacteroides	Bacteroidaceae	Bacteroidales	Bacteroidia	Bacteroidetes	Bacteria
Bacteroides_ovatus_SD_CC_2a	702444	Bacteroides xylanisolvens SD CC 2a	Bacteroides xylanisolvens	Bacteroides	Bacteroidaceae	Bacteroidales	Bacteroidia	Bacteroidetes	Bacteria
Bacteroides_ovatus_SD_CMC_3f	702443	Bacteroides ovatus SD CMC 3f	Bacteroides ovatus	Bacteroides	Bacteroidaceae	Bacteroidales	Bacteroidia	Bacteroidetes	Bacteria
Bacteroides_plebeius_M12_DSM_17135	484018	Phocaeicola plebeius DSM 17135	Phocaeicola plebeius	Phocaeicola	Bacteroidaceae	Bacteroidales	Bacteroidia	Bacteroidetes	Bacteria
Bacteroides_salyersiae_WAL_10018	1121101	Bacteroides salyersiae WAL 10018 = DSM 18765 = JCM 12988	Bacteroides salyersiae	Bacteroides	Bacteroidaceae	Bacteroidales	Bacteroidia	Bacteroidetes	Bacteria
Bacteroides_sp_1_1_14	469585	Bacteroides sp. 1_1_14	Bacteroides sp. 1_1_14	Bacteroides	Bacteroidaceae	Bacteroidales	Bacteroidia	Bacteroidetes	Bacteria
Bacteroides_sp_1_1_30	457387	Bacteroides sp. 1_1_30	Bacteroides sp. 1_1_30	Bacteroides	Bacteroidaceae	Bacteroidales	Bacteroidia	Bacteroidetes	Bacteria
Bacteroides_sp_1_1_6	818	Bacteroides thetaiotaomicron	Bacteroides thetaiotaomicron	Bacteroides	Bacteroidaceae	Bacteroidales	Bacteroidia	Bacteroidetes	Bacteria
Bacteroides_sp_2_1_22	469588	Bacteroides sp. 2_1_22	Bacteroides sp. 2_1_22	Bacteroides	Bacteroidaceae	Bacteroidales	Bacteroidia	Bacteroidetes	Bacteria
Bacteroides_sp_2_1_33B	469589	Bacteroides sp. 2_1_33B	Bacteroides sp. 2_1_33B	Bacteroides	Bacteroidaceae	Bacteroidales	Bacteroidia	Bacteroidetes	Bacteria
Bacteroides_sp_2_1_7	457388	Parabacteroides sp. 2_1_7	Parabacteroides sp. 2_1_7	Parabacteroides	Tannerellaceae	Bacteroidales	Bacteroidia	Bacteroidetes	Bacteria
Bacteroides_sp_2_2_4	469590	Bacteroides sp. 2_2_4	Bacteroides sp. 2_2_4	Bacteroides	Bacteroidaceae	Bacteroidales	Bacteroidia	Bacteroidetes	Bacteria
Bacteroides_sp_20_3	469591	Parabacteroides sp. 20_3	Parabacteroides sp. 20_3	Parabacteroides	Tannerellaceae	Bacteroidales	Bacteroidia	Bacteroidetes	Bacteria
Bacteroides_sp_3_1_19	469592	Bacteroides sp. 3_1_19	Bacteroides sp. 3_1_19	Bacteroides	Bacteroidaceae	Bacteroidales	Bacteroidia	Bacteroidetes	Bacteria
Bacteroides_sp_3_1_23	457390	Bacteroides sp. 3_1_23	Bacteroides sp. 3_1_23	Bacteroides	Bacteroidaceae	Bacteroidales	Bacteroidia	Bacteroidetes	Bacteria
Bacteroides_sp_3_1_33FAA	457391	Bacteroides sp. 3_1_33FAA	Bacteroides sp. 3_1_33FAA	Bacteroides	Bacteroidaceae	Bacteroidales	Bacteroidia	Bacteroidetes	Bacteria
Bacteroides_sp_3_1_40A	469593	Bacteroides sp. 3_1_40A	Bacteroides sp. 3_1_40A	Bacteroides	Bacteroidaceae	Bacteroidales	Bacteroidia	Bacteroidetes	Bacteria
Bacteroides_sp_3_2_5	457392	Bacteroides sp. 3_2_5	Bacteroides sp. 3_2_5	Bacteroides	Bacteroidaceae	Bacteroidales	Bacteroidia	Bacteroidetes	Bacteria
Bacteroides_sp_4_1_36	457393	Bacteroides sp. 4_1_36	Bacteroides sp. 4_1_36	Bacteroides	Bacteroidaceae	Bacteroidales	Bacteroidia	Bacteroidetes	Bacteria
Bacteroides_sp_4_3_47FAA	457394	Bacteroides sp. 4_3_47FAA	Bacteroides sp. 4_3_47FAA	Bacteroides	Bacteroidaceae	Bacteroidales	Bacteroidia	Bacteroidetes	Bacteria
Bacteroides_sp_9_1_42FAA	457395	Bacteroides sp. 9_1_42FAA	Bacteroides sp. 9_1_42FAA	Bacteroides	Bacteroidaceae	Bacteroidales	Bacteroidia	Bacteroidetes	Bacteria
Bacteroides_sp_D1	556258	Bacteroides sp. D1	Bacteroides sp. D1	Bacteroides	Bacteroidaceae	Bacteroidales	Bacteroidia	Bacteroidetes	Bacteria
Bacteroides_sp_D2	556259	Bacteroides sp. D2	Bacteroides sp. D2	Bacteroides	Bacteroidaceae	Bacteroidales	Bacteroidia	Bacteroidetes	Bacteria
Bacteroides_sp_D20	585543	Bacteroides sp. D20	Bacteroides sp. D20	Bacteroides	Bacteroidaceae	Bacteroidales	Bacteroidia	Bacteroidetes	Bacteria
Bacteroides_sp_D22	585544	Bacteroides sp. D22	Bacteroides sp. D22	Bacteroides	Bacteroidaceae	Bacteroidales	Bacteroidia	Bacteroidetes	Bacteria
Bacteroides_stercoris_ATCC_43183	449673	Bacteroides stercoris ATCC 43183	Bacteroides stercoris	Bacteroides	Bacteroidaceae	Bacteroidales	Bacteroidia	Bacteroidetes	Bacteria
Bacteroides_thetaiotaomicron_VPI_5482	226186	Bacteroides thetaiotaomicron VPI-5482	Bacteroides thetaiotaomicron	Bacteroides	Bacteroidaceae	Bacteroidales	Bacteroidia	Bacteroidetes	Bacteria
Bacteroides_uniformis_ATCC_8492	411479	Bacteroides uniformis ATCC 8492	Bacteroides uniformis	Bacteroides	Bacteroidaceae	Bacteroidales	Bacteroidia	Bacteroidetes	Bacteria
Bacteroides_ureolyticus_DSM_20703	1121102	Campylobacter ureolyticus DSM 20703	Campylobacter ureolyticus	Campylobacter	Campylobacteraceae	Campylobacterales	Epsilonproteobacteria	Proteobacteria	Bacteria
Bacteroides_vulgatus_ATCC_8482	435590	Phocaeicola vulgatus ATCC 8482	Phocaeicola vulgatus	Phocaeicola	Bacteroidaceae	Bacteroidales	Bacteroidia	Bacteroidetes	Bacteria
Bacteroides_xylanisolvens_SD_CC_1b	702447	Bacteroides xylanisolvens SD CC 1b	Bacteroides xylanisolvens	Bacteroides	Bacteroidaceae	Bacteroidales	Bacteroidia	Bacteroidetes	Bacteria
Bartonella_quintana_Toulouse	283165	Bartonella quintana str. Toulouse	Bartonella quintana	Bartonella	Bartonellaceae	Hyphomicrobiales	Alphaproteobacteria	Proteobacteria	Bacteria
Bifidobacterium_adolescentis_ATCC_15703	367928	Bifidobacterium adolescentis ATCC 15703	Bifidobacterium adolescentis	Bifidobacterium	Bifidobacteriaceae	Bifidobacteriales	Actinomycetia	Actinobacteria	Bacteria
Bifidobacterium_angulatum_DSM_20098	518635	Bifidobacterium angulatum DSM 20098 = JCM 7096	Bifidobacterium angulatum	Bifidobacterium	Bifidobacteriaceae	Bifidobacteriales	Actinomycetia	Actinobacteria	Bacteria
Bifidobacterium_animalis_lactis_AD011	442563	Bifidobacterium animalis subsp. lactis AD011	Bifidobacterium animalis	Bifidobacterium	Bifidobacteriaceae	Bifidobacteriales	Actinomycetia	Actinobacteria	Bacteria
Bifidobacterium_animalis_lactis_BB_12	552531	Bifidobacterium animalis subsp. lactis BB-12	Bifidobacterium animalis	Bifidobacterium	Bifidobacteriaceae	Bifidobacteriales	Actinomycetia	Actinobacteria	Bacteria
Bifidobacterium_animalis_lactis_Bi_07	742729	Bifidobacterium animalis subsp. lactis Bi-07	Bifidobacterium animalis	Bifidobacterium	Bifidobacteriaceae	Bifidobacteriales	Actinomycetia	Actinobacteria	Bacteria
Bifidobacterium_animalis_lactis_Bl_04_ATCC_SD5219	580050	Bifidobacterium animalis subsp. lactis Bl-04	Bifidobacterium animalis	Bifidobacterium	Bifidobacteriaceae	Bifidobacteriales	Actinomycetia	Actinobacteria	Bacteria
Bifidobacterium_animalis_lactis_CNCM_I_2494	1042403	Bifidobacterium animalis subsp. lactis CNCM I-2494	Bifidobacterium animalis	Bifidobacterium	Bifidobacteriaceae	Bifidobacteriales	Actinomycetia	Actinobacteria	Bacteria
Bifidobacterium_animalis_lactis_DSM_10140	555970	Bifidobacterium animalis subsp. lactis DSM 10140	Bifidobacterium animalis	Bifidobacterium	Bifidobacteriaceae	Bifidobacteriales	Actinomycetia	Actinobacteria	Bacteria
Bifidobacterium_animalis_lactis_V9	573236	Bifidobacterium animalis subsp. lactis V9	Bifidobacterium animalis	Bifidobacterium	Bifidobacteriaceae	Bifidobacteriales	Actinomycetia	Actinobacteria	Bacteria
Bifidobacterium_bifidum_BGN4	484020	Bifidobacterium bifidum BGN4	Bifidobacterium bifidum	Bifidobacterium	Bifidobacteriaceae	Bifidobacteriales	Actinomycetia	Actinobacteria	Bacteria
Bifidobacterium_bifidum_NCIMB_41171	398513	Bifidobacterium bifidum NCIMB 41171	Bifidobacterium bifidum	Bifidobacterium	Bifidobacteriaceae	Bifidobacteriales	Actinomycetia	Actinobacteria	Bacteria
Bifidobacterium_bifidum_PRL2010	702459	Bifidobacterium bifidum PRL2010	Bifidobacterium bifidum	Bifidobacterium	Bifidobacteriaceae	Bifidobacteriales	Actinomycetia	Actinobacteria	Bacteria
Bifidobacterium_bifidum_S17	883062	Bifidobacterium bifidum S17	Bifidobacterium bifidum	Bifidobacterium	Bifidobacteriaceae	Bifidobacteriales	Actinomycetia	Actinobacteria	Bacteria
Bifidobacterium_breve_HPH0326	1203540	Bifidobacterium breve HPH0326	Bifidobacterium breve	Bifidobacterium	Bifidobacteriaceae	Bifidobacteriales	Actinomycetia	Actinobacteria	Bacteria
Bifidobacterium_breve_UCC2003_NCIMB8807	326426	Bifidobacterium breve UCC2003	Bifidobacterium breve	Bifidobacterium	Bifidobacteriaceae	Bifidobacteriales	Actinomycetia	Actinobacteria	Bacteria
Bifidobacterium_catenulatum_DSM_16992	566552	Bifidobacterium catenulatum DSM 16992 = JCM 1194 = LMG 11043	Bifidobacterium catenulatum	Bifidobacterium	Bifidobacteriaceae	Bifidobacteriales	Actinomycetia	Actinobacteria	Bacteria
Bifidobacterium_dentium_ATCC_27678	473819	Bifidobacterium dentium ATCC 27678	Bifidobacterium dentium	Bifidobacterium	Bifidobacteriaceae	Bifidobacteriales	Actinomycetia	Actinobacteria	Bacteria
Bifidobacterium_gallicum_DSM_20093	561180	Bifidobacterium gallicum DSM 20093 = LMG 11596	Bifidobacterium gallicum	Bifidobacterium	Bifidobacteriaceae	Bifidobacteriales	Actinomycetia	Actinobacteria	Bacteria
Bifidobacterium_longum_DJO10A	205913	Bifidobacterium longum DJO10A	Bifidobacterium longum	Bifidobacterium	Bifidobacteriaceae	Bifidobacteriales	Actinomycetia	Actinobacteria	Bacteria
Bifidobacterium_longum_E18	1322347	Bifidobacterium longum E18	Bifidobacterium longum	Bifidobacterium	Bifidobacteriaceae	Bifidobacteriales	Actinomycetia	Actinobacteria	Bacteria
Bifidobacterium_longum_infantis_157F_NC	565040	Bifidobacterium longum subsp. infantis 157F	Bifidobacterium longum	Bifidobacterium	Bifidobacteriaceae	Bifidobacteriales	Actinomycetia	Actinobacteria	Bacteria
Bifidobacterium_longum_infantis_ATCC_15697	391904	Bifidobacterium longum subsp. infantis ATCC 15697 = JCM 1222 = DSM 20088	Bifidobacterium longum	Bifidobacterium	Bifidobacteriaceae	Bifidobacteriales	Actinomycetia	Actinobacteria	Bacteria
Bifidobacterium_longum_longum_ATCC_55813	548480	Bifidobacterium longum subsp. longum ATCC 55813	Bifidobacterium longum	Bifidobacterium	Bifidobacteriaceae	Bifidobacteriales	Actinomycetia	Actinobacteria	Bacteria
Bifidobacterium_longum_longum_BBMN68	890402	Bifidobacterium longum subsp. longum BBMN68	Bifidobacterium longum	Bifidobacterium	Bifidobacteriaceae	Bifidobacteriales	Actinomycetia	Actinobacteria	Bacteria
Bifidobacterium_longum_longum_CCUG_52486	537937	Bifidobacterium longum subsp. infantis CCUG 52486	Bifidobacterium longum	Bifidobacterium	Bifidobacteriaceae	Bifidobacteriales	Actinomycetia	Actinobacteria	Bacteria
Bifidobacterium_longum_longum_JCM_1217	565042	Bifidobacterium longum subsp. longum JCM 1217	Bifidobacterium longum	Bifidobacterium	Bifidobacteriaceae	Bifidobacteriales	Actinomycetia	Actinobacteria	Bacteria
Bifidobacterium_longum_longum_JDM301	759350	Bifidobacterium longum subsp. longum JDM301	Bifidobacterium longum	Bifidobacterium	Bifidobacteriaceae	Bifidobacteriales	Actinomycetia	Actinobacteria	Bacteria
Bifidobacterium_longum_NCC2705	206672	Bifidobacterium longum NCC2705	Bifidobacterium longum	Bifidobacterium	Bifidobacteriaceae	Bifidobacteriales	Actinomycetia	Actinobacteria	Bacteria
Bifidobacterium_pseudocatenulatum_DSM_20438	547043	Bifidobacterium pseudocatenulatum DSM 20438 = JCM 1200 = LMG 10505	Bifidobacterium pseudocatenulatum	Bifidobacterium	Bifidobacteriaceae	Bifidobacteriales	Actinomycetia	Actinobacteria	Bacteria
Bifidobacterium_thermophilum_RBL67	1254439	Bifidobacterium thermophilum RBL67	Bifidobacterium thermophilum	Bifidobacterium	Bifidobacteriaceae	Bifidobacteriales	Actinomycetia	Actinobacteria	Bacteria
Bilophila_wadsworthia_3_1_6	563192	Bilophila wadsworthia 3_1_6	Bilophila wadsworthia	Bilophila	Desulfovibrionaceae	Desulfovibrionales	Deltaproteobacteria	Proteobacteria	Bacteria
Blautia_hansenii_VPI_C7_24_DSM_20583	537007	Blautia hansenii DSM 20583	Blautia hansenii	Blautia	Lachnospiraceae	Eubacteriales	Clostridia	Firmicutes	Bacteria
Blautia_hydrogenotrophica_DSM_10507	476272	Blautia hydrogenotrophica DSM 10507	Blautia hydrogenotrophica	Blautia	Lachnospiraceae	Eubacteriales	Clostridia	Firmicutes	Bacteria
Brachybacterium_paraconglomeratum_LC44	1064537	Brachybacterium paraconglomeratum LC44	Brachybacterium paraconglomeratum	Brachybacterium	Dermabacteraceae	Micrococcales	Actinomycetia	Actinobacteria	Bacteria
Brachyspira_pilosicoli_B2904	1133568	Brachyspira pilosicoli B2904	Brachyspira pilosicoli	Brachyspira	Brachyspiraceae	Brachyspirales	Spirochaetia	Spirochaetes	Bacteria
Bradyrhizobium_elkanii_USDA_76	398525	Bradyrhizobium elkanii USDA 76	Bradyrhizobium elkanii	Bradyrhizobium	Bradyrhizobiaceae	Hyphomicrobiales	Alphaproteobacteria	Proteobacteria	Bacteria
Brevibacillus_agri_BAB_2500	1246477	Brevibacillus agri BAB-2500	Brevibacillus agri	Brevibacillus	Paenibacillaceae	Bacillales	Bacilli	Firmicutes	Bacteria
Brevibacillus_borstelensis_AK1	1300222	Brevibacillus borstelensis AK1	Brevibacillus borstelensis	Brevibacillus	Paenibacillaceae	Bacillales	Bacilli	Firmicutes	Bacteria
Brevibacillus_brevis_NBRC_100599	358681	Brevibacillus brevis NBRC 100599	Brevibacillus brevis	Brevibacillus	Paenibacillaceae	Bacillales	Bacilli	Firmicutes	Bacteria
Brevibacterium_casei_S18	1229781	Brevibacterium casei S18	Brevibacterium casei	Brevibacterium	Brevibacteriaceae	Micrococcales	Actinomycetia	Actinobacteria	Bacteria
Brevibacterium_massiliense_5401308	1176165	Brevibacterium ravenspurgense 5401308 = CCUG 53855	Brevibacterium ravenspurgense	Brevibacterium	Brevibacteriaceae	Micrococcales	Actinomycetia	Actinobacteria	Bacteria
Brevundimonas_diminuta_470_4	1035191	Brevundimonas diminuta 470-4	Brevundimonas diminuta	Brevundimonas	Caulobacteraceae	Caulobacterales	Alphaproteobacteria	Proteobacteria	Bacteria
Bulleidia_extructa_W1219	679192	Bulleidia extructa W1219	Bulleidia extructa	Bulleidia	Erysipelotrichaceae	Erysipelotrichales	Erysipelotrichia	Firmicutes	Bacteria
Burkholderiales_bacterium_1_1_47	469610	Burkholderiales bacterium 1_1_47	Burkholderiales bacterium 1_1_47	unclassified Burkholderiales	unclassified Burkholderiales	Burkholderiales	Betaproteobacteria	Proteobacteria	Bacteria
Butyricicoccus_pullicaecorum_1_2	1203606	Butyricicoccus pullicaecorum 1.2	Butyricicoccus pullicaecorum	Butyricicoccus	Clostridiaceae	Eubacteriales	Clostridia	Firmicutes	Bacteria
Butyricimonas_synergistica_DSM_23225	1121129	Butyricimonas synergistica DSM 23225	Butyricimonas synergistica	Butyricimonas	Odoribacteraceae	Bacteroidales	Bacteroidia	Bacteroidetes	Bacteria
Butyrivibrio_crossotus_DSM_2876	511680	Butyrivibrio crossotus DSM 2876	Butyrivibrio crossotus	Butyrivibrio	Lachnospiraceae	Eubacteriales	Clostridia	Firmicutes	Bacteria
Butyrivibrio_fibrisolvens_16_4	657324	Butyrivibrio fibrisolvens 16/4	Butyrivibrio fibrisolvens	Butyrivibrio	Lachnospiraceae	Eubacteriales	Clostridia	Firmicutes	Bacteria
Campylobacter_coli_JV20	864566	Campylobacter coli JV20	Campylobacter coli	Campylobacter	Campylobacteraceae	Campylobacterales	Epsilonproteobacteria	Proteobacteria	Bacteria
Campylobacter_concisus_13826	360104	Campylobacter concisus 13826	Campylobacter concisus	Campylobacter	Campylobacteraceae	Campylobacterales	Epsilonproteobacteria	Proteobacteria	Bacteria
Campylobacter_curvus_525_92	360105	Campylobacter curvus 525.92	Campylobacter curvus	Campylobacter	Campylobacteraceae	Campylobacterales	Epsilonproteobacteria	Proteobacteria	Bacteria
Campylobacter_fetus_subsp_fetus_82_40	360106	Campylobacter fetus subsp. fetus 82-40	Campylobacter fetus	Campylobacter	Campylobacteraceae	Campylobacterales	Epsilonproteobacteria	Proteobacteria	Bacteria
Campylobacter_gracilis_RM3268	553220	Campylobacter gracilis RM3268	Campylobacter gracilis	Campylobacter	Campylobacteraceae	Campylobacterales	Epsilonproteobacteria	Proteobacteria	Bacteria
Campylobacter_hominis_ATCC_BAA_381	360107	Campylobacter hominis ATCC BAA-381	Campylobacter hominis	Campylobacter	Campylobacteraceae	Campylobacterales	Epsilonproteobacteria	Proteobacteria	Bacteria
Campylobacter_jejuni_jejuni_81_176	354242	Campylobacter jejuni subsp. jejuni 81-176	Campylobacter jejuni	Campylobacter	Campylobacteraceae	Campylobacterales	Epsilonproteobacteria	Proteobacteria	Bacteria
Campylobacter_jejuni_jejuni_M1	645464	Campylobacter jejuni subsp. jejuni M1	Campylobacter jejuni	Campylobacter	Campylobacteraceae	Campylobacterales	Epsilonproteobacteria	Proteobacteria	Bacteria
Campylobacter_jejuni_jejuni_NCTC_11168	192222	Campylobacter jejuni subsp. jejuni NCTC 11168 = ATCC 700819	Campylobacter jejuni	Campylobacter	Campylobacteraceae	Campylobacterales	Epsilonproteobacteria	Proteobacteria	Bacteria
Campylobacter_lari_RM2100	306263	Campylobacter lari RM2100	Campylobacter lari	Campylobacter	Campylobacteraceae	Campylobacterales	Epsilonproteobacteria	Proteobacteria	Bacteria
Campylobacter_rectus_RM3267	553218	Campylobacter rectus RM3267	Campylobacter rectus	Campylobacter	Campylobacteraceae	Campylobacterales	Epsilonproteobacteria	Proteobacteria	Bacteria
Campylobacter_upsaliensis_JV21	888826	Campylobacter upsaliensis JV21	Campylobacter upsaliensis	Campylobacter	Campylobacteraceae	Campylobacterales	Epsilonproteobacteria	Proteobacteria	Bacteria
Capnocytophaga_granulosa_ATCC_51502	641143	Capnocytophaga granulosa ATCC 51502	Capnocytophaga granulosa	Capnocytophaga	Flavobacteriaceae	Flavobacteriales	Flavobacteriia	Bacteroidetes	Bacteria
Capnocytophaga_ochracea_DSM_7271	521097	Capnocytophaga ochracea DSM 7271	Capnocytophaga ochracea	Capnocytophaga	Flavobacteriaceae	Flavobacteriales	Flavobacteriia	Bacteroidetes	Bacteria
Capnocytophaga_sputigena_ATCC_33612	553177	Capnocytophaga sputigena ATCC 33612	Capnocytophaga sputigena	Capnocytophaga	Flavobacteriaceae	Flavobacteriales	Flavobacteriia	Bacteroidetes	Bacteria
Catenibacterium_mitsuokai_DSM_15897	451640	Catenibacterium mitsuokai DSM 15897	Catenibacterium mitsuokai	Catenibacterium	Coprobacillaceae	Erysipelotrichales	Erysipelotrichia	Firmicutes	Bacteria
Citrobacter_koseri_ATCC_BAA_895	290338	Citrobacter koseri ATCC BAA-895	Citrobacter koseri	Citrobacter	Enterobacteriaceae	Enterobacterales	Gammaproteobacteria	Proteobacteria	Bacteria
Citrobacter_sp_30_2	469595	Citrobacter portucalensis	Citrobacter sp. 30_2	Citrobacter	Enterobacteriaceae	Enterobacterales	Gammaproteobacteria	Proteobacteria	Bacteria
Citrobacter_youngae_ATCC_29220	500640	Citrobacter youngae ATCC 29220	Citrobacter youngae	Citrobacter	Enterobacteriaceae	Enterobacterales	Gammaproteobacteria	Proteobacteria	Bacteria
Clostridiales_sp_1_7_47FAA	457421	Clostridiales bacterium 1_7_47FAA	Clostridiales bacterium 1_7_47FAA	unclassified Clostridiales	unclassified Clostridiales	Eubacteriales	Clostridia	Firmicutes	Bacteria
Clostridium_beijerinckii_NCIMB_8052	290402	Clostridium beijerinckii NCIMB 8052	Clostridium beijerinckii	Clostridium	Clostridiaceae	Eubacteriales	Clostridia	Firmicutes	Bacteria
Clostridium_bolteae_ATCC_BAA_613	411902	Enterocloster bolteae ATCC BAA-613	Enterocloster bolteae	Enterocloster	Lachnospiraceae	Eubacteriales	Clostridia	Firmicutes	Bacteria
Clostridium_botulinum_A_str_ATCC_19397	441770	Clostridium botulinum A str. ATCC 19397	Clostridium botulinum	Clostridium	Clostridiaceae	Eubacteriales	Clostridia	Firmicutes	Bacteria
Clostridium_botulinum_A_str_Hall	441771	Clostridium botulinum A str. Hall	Clostridium botulinum	Clostridium	Clostridiaceae	Eubacteriales	Clostridia	Firmicutes	Bacteria
Clostridium_botulinum_Bf	445336	Clostridium botulinum Bf	Clostridium botulinum	Clostridium	Clostridiaceae	Eubacteriales	Clostridia	Firmicutes	Bacteria
Clostridium_botulinum_E1_str_BoNT_E_Beluga	536233	Clostridium botulinum E1 str. 'BoNT E Beluga'	Clostridium botulinum	Clostridium	Clostridiaceae	Eubacteriales	Clostridia	Firmicutes	Bacteria
Clostridium_botulinum_F_str_230613	758678	Clostridium botulinum F str. 230613	Clostridium botulinum	Clostridium	Clostridiaceae	Eubacteriales	Clostridia	Firmicutes	Bacteria
Clostridium_citroniae_WAL_17108	742733	[Clostridium] citroniae WAL-17108	Enterocloster citroniae	Enterocloster	Lachnospiraceae	Eubacteriales	Clostridia	Firmicutes	Bacteria
Clostridium_clariflavum_DSM_19732	720554	Acetivibrio clariflavus DSM 19732	Acetivibrio clariflavus	Acetivibrio	Oscillospiraceae	Eubacteriales	Clostridia	Firmicutes	Bacteria
Clostridium_clostridioforme_CM201	999410	[Clostridium] clostridioforme CM201	Enterocloster clostridioformis	Enterocloster	Lachnospiraceae	Eubacteriales	Clostridia	Firmicutes	Bacteria
Clostridium_difficile_CD196	645462	Clostridioides difficile CD196	Clostridioides difficile	Clostridioides	Peptostreptococcaceae	Eubacteriales	Clostridia	Firmicutes	Bacteria
Clostridium_hathewayi_12489931	999412	Hungatella hathewayi 12489931	Hungatella hathewayi	Hungatella	Clostridiaceae	Eubacteriales	Clostridia	Firmicutes	Bacteria
Clostridium_hylemonae_DSM_15053	553973	[Clostridium] hylemonae DSM 15053	[Clostridium] hylemonae	Lachnoclostridium	Lachnospiraceae	Eubacteriales	Clostridia	Firmicutes	Bacteria
Clostridium_innocuum_2959	999413	[Clostridium] innocuum 2959	[Clostridium] innocuum	Erysipelatoclostridium	Erysipelotrichaceae	Erysipelotrichales	Erysipelotrichia	Firmicutes	Bacteria
Clostridium_leptum_DSM_753	428125	[Clostridium] leptum DSM 753	[Clostridium] leptum	unclassified Ruminococcaceae	Oscillospiraceae	Eubacteriales	Clostridia	Firmicutes	Bacteria
Clostridium_perfringens_ATCC_13124	195103	Clostridium perfringens ATCC 13124	Clostridium perfringens	Clostridium	Clostridiaceae	Eubacteriales	Clostridia	Firmicutes	Bacteria
Clostridium_saccharoperbutylacetonicum_N1_4_HMT	931276	Clostridium saccharoperbutylacetonicum N1-4(HMT	Clostridium saccharoperbutylacetonicum	Clostridium	Clostridiaceae	Eubacteriales	Clostridia	Firmicutes	Bacteria
Clostridium_scindens_ATCC_35704	411468	[Clostridium] scindens ATCC 35704	[Clostridium] scindens	Lachnoclostridium	Lachnospiraceae	Eubacteriales	Clostridia	Firmicutes	Bacteria
Clostridium_sp_7_2_43FAA	457396	Clostridium sp. 7_2_43FAA	Clostridium sp. 7_2_43FAA	Clostridium	Clostridiaceae	Eubacteriales	Clostridia	Firmicutes	Bacteria
Clostridium_sp_L2_50	411489	Clostridium sp. L2-50	Clostridium sp. L2-50	Clostridium	Clostridiaceae	Eubacteriales	Clostridia	Firmicutes	Bacteria
Clostridium_sp_M62_1	411486	Clostridium sp. M62/1	Clostridium sp. M62/1	Clostridium	Clostridiaceae	Eubacteriales	Clostridia	Firmicutes	Bacteria
Clostridium_sp_SY8519	1042156	Clostridium sp. SY8519	Clostridium sp. SY8519	Clostridium	Clostridiaceae	Eubacteriales	Clostridia	Firmicutes	Bacteria
Clostridium_spiroforme_DSM_1552	428126	[Clostridium] spiroforme DSM 1552	[Clostridium] spiroforme	Erysipelatoclostridium	Erysipelotrichaceae	Erysipelotrichales	Erysipelotrichia	Firmicutes	Bacteria
Clostridium_sporogenes_ATCC_15579	471871	Clostridium sporogenes ATCC 15579	Clostridium sporogenes	Clostridium	Clostridiaceae	Eubacteriales	Clostridia	Firmicutes	Bacteria
Clostridium_sporosphaeroides_DSM_1294	1121334	[Clostridium] sporosphaeroides DSM 1294	[Clostridium] sporosphaeroides	unclassified Ruminococcaceae	Oscillospiraceae	Eubacteriales	Clostridia	Firmicutes	Bacteria
Clostridium_sticklandii_DSM_519	499177	Acetoanaerobium sticklandii DSM 519	Acetoanaerobium sticklandii	Acetoanaerobium	Peptostreptococcaceae	Eubacteriales	Clostridia	Firmicutes	Bacteria
Clostridium_symbiosum_WAL_14163	742740	[Clostridium] symbiosum WAL-14163	[Clostridium] symbiosum	Lachnoclostridium	Lachnospiraceae	Eubacteriales	Clostridia	Firmicutes	Bacteria
Clostridium_symbiosum_WAL_14673	742741	[Clostridium] symbiosum WAL-14673	[Clostridium] symbiosum	Lachnoclostridium	Lachnospiraceae	Eubacteriales	Clostridia	Firmicutes	Bacteria
Collinsella_aerofaciens_ATCC_25986	411903	Collinsella aerofaciens ATCC 25986	Collinsella aerofaciens	Collinsella	Coriobacteriaceae	Coriobacteriales	Coriobacteriia	Actinobacteria	Bacteria
Collinsella_intestinalis_DSM_13280	521003	Collinsella intestinalis DSM 13280	Collinsella intestinalis	Collinsella	Coriobacteriaceae	Coriobacteriales	Coriobacteriia	Actinobacteria	Bacteria
Collinsella_stercoris_DSM_13279	445975	Collinsella stercoris DSM 13279	Collinsella stercoris	Collinsella	Coriobacteriaceae	Coriobacteriales	Coriobacteriia	Actinobacteria	Bacteria
Collinsella_tanakaei_YIT_12063	742742	Collinsella tanakaei YIT 12063	Collinsella tanakaei	Collinsella	Coriobacteriaceae	Coriobacteriales	Coriobacteriia	Actinobacteria	Bacteria
Coprobacillus_sp_29_1	469596	Coprobacillus cateniformis	Coprobacillus cateniformis	Coprobacillus	Coprobacillaceae	Erysipelotrichales	Erysipelotrichia	Firmicutes	Bacteria
Coprobacillus_sp_D7	556270	Coprobacillus sp. D7	Coprobacillus sp. D7	Coprobacillus	Coprobacillaceae	Erysipelotrichales	Erysipelotrichia	Firmicutes	Bacteria
Coprococcus_comes_ATCC_27758	470146	Coprococcus comes ATCC 27758	Coprococcus comes	Coprococcus	Lachnospiraceae	Eubacteriales	Clostridia	Firmicutes	Bacteria
Coprococcus_eutactus_ATCC_27759	411474	Coprococcus eutactus ATCC 27759	Coprococcus eutactus	Coprococcus	Lachnospiraceae	Eubacteriales	Clostridia	Firmicutes	Bacteria
Corynebacterium_ammoniagenes_DSM_20306	649754	Corynebacterium ammoniagenes DSM 20306	Corynebacterium ammoniagenes	Corynebacterium	Corynebacteriaceae	Corynebacteriales	Actinomycetia	Actinobacteria	Bacteria
Corynebacterium_amycolatum_SK46	553204	Corynebacterium amycolatum SK46	Corynebacterium amycolatum	Corynebacterium	Corynebacteriaceae	Corynebacteriales	Actinomycetia	Actinobacteria	Bacteria
Corynebacterium_aurimucosum_ATCC_700975	548476	Corynebacterium aurimucosum ATCC 700975	Corynebacterium aurimucosum	Corynebacterium	Corynebacteriaceae	Corynebacteriales	Actinomycetia	Actinobacteria	Bacteria
Corynebacterium_durum_F0235	1035195	Corynebacterium durum F0235	Corynebacterium durum	Corynebacterium	Corynebacteriaceae	Corynebacteriales	Actinomycetia	Actinobacteria	Bacteria
Corynebacterium_glucuronolyticum_ATCC_51867	548477	Corynebacterium glucuronolyticum ATCC 51867	Corynebacterium glucuronolyticum	Corynebacterium	Corynebacteriaceae	Corynebacteriales	Actinomycetia	Actinobacteria	Bacteria
Corynebacterium_kroppenstedtii_DSM_44385	645127	Corynebacterium kroppenstedtii DSM 44385	Corynebacterium kroppenstedtii	Corynebacterium	Corynebacteriaceae	Corynebacteriales	Actinomycetia	Actinobacteria	Bacteria
Corynebacterium_propinquum_DSM_44285	1121367	Corynebacterium propinquum DSM 44285	Corynebacterium propinquum	Corynebacterium	Corynebacteriaceae	Corynebacteriales	Actinomycetia	Actinobacteria	Bacteria
Corynebacterium_tuberculostearicum_SK141	553206	Corynebacterium tuberculostearicum SK141	Corynebacterium tuberculostearicum	Corynebacterium	Corynebacteriaceae	Corynebacteriales	Actinomycetia	Actinobacteria	Bacteria
Corynebacterium_ulcerans_809	945711	Corynebacterium ulcerans 809	Corynebacterium ulcerans	Corynebacterium	Corynebacteriaceae	Corynebacteriales	Actinomycetia	Actinobacteria	Bacteria
Cronobacter_sakazakii_ATCC_BAA_894	290339	Cronobacter sakazakii ATCC BAA-894	Cronobacter sakazakii	Cronobacter	Enterobacteriaceae	Enterobacterales	Gammaproteobacteria	Proteobacteria	Bacteria
Cryptobacterium_curtum_DSM_15641	469378	Cryptobacterium curtum DSM 15641	Cryptobacterium curtum	Cryptobacterium	Eggerthellaceae	Eggerthellales	Coriobacteriia	Actinobacteria	Bacteria
Curtobacterium_flaccumfaciens_UCD_AKU	1292022	Curtobacterium flaccumfaciens UCD-AKU	Curtobacterium flaccumfaciens	Curtobacterium	Microbacteriaceae	Micrococcales	Actinomycetia	Actinobacteria	Bacteria
Delftia_acidovorans_SPH_1	398578	Delftia acidovorans SPH-1	Delftia acidovorans	Delftia	Comamonadaceae	Burkholderiales	Betaproteobacteria	Proteobacteria	Bacteria
Desulfovibrio_piger_ATCC_29098	411464	Desulfovibrio piger ATCC 29098	Desulfovibrio piger	Desulfovibrio	Desulfovibrionaceae	Desulfovibrionales	Deltaproteobacteria	Proteobacteria	Bacteria
Desulfovibrio_sp_3_1_syn3	457398	Desulfovibrio sp. 3_1_syn3	Desulfovibrio sp. 3_1_syn3	Desulfovibrio	Desulfovibrionaceae	Desulfovibrionales	Deltaproteobacteria	Proteobacteria	Bacteria
Dialister_invisus_DSM_15470	592028	Dialister invisus DSM 15470	Dialister invisus	Dialister	Veillonellaceae	Veillonellales	Negativicutes	Firmicutes	Bacteria
Dialister_succinatiphilus_YIT_11850	742743	Dialister succinatiphilus YIT 11850	Dialister succinatiphilus	Dialister	Veillonellaceae	Veillonellales	Negativicutes	Firmicutes	Bacteria
Dorea_formicigenerans_ATCC_27755	411461	Dorea formicigenerans ATCC 27755	Dorea formicigenerans	Dorea	Lachnospiraceae	Eubacteriales	Clostridia	Firmicutes	Bacteria
Dorea_longicatena_DSM_13814	411462	Dorea longicatena DSM 13814	Dorea longicatena	Dorea	Lachnospiraceae	Eubacteriales	Clostridia	Firmicutes	Bacteria
Edwardsiella_tarda_ATCC_23685	500638	Edwardsiella tarda ATCC 23685	Edwardsiella tarda	Edwardsiella	Hafniaceae	Enterobacterales	Gammaproteobacteria	Proteobacteria	Bacteria
Edwardsiella_tarda_FL6_60	718251	Edwardsiella tarda FL6-60	Edwardsiella tarda	Edwardsiella	Hafniaceae	Enterobacterales	Gammaproteobacteria	Proteobacteria	Bacteria
Eggerthella_sp_1_3_56FAA	665943	Eggerthella sp. 1_3_56FAA	Eggerthella sp. 1_3_56FAA	Eggerthella	Eggerthellaceae	Eggerthellales	Coriobacteriia	Actinobacteria	Bacteria
Eggerthella_sp_YY7918	502558	Eggerthella sp. YY7918	Eggerthella sp. YY7918	Eggerthella	Eggerthellaceae	Eggerthellales	Coriobacteriia	Actinobacteria	Bacteria
Eggerthia_catenaformis_OT_569	999415	Eggerthia catenaformis OT 569 = DSM 20559	Eggerthia catenaformis	Eggerthia	Coprobacillaceae	Erysipelotrichales	Erysipelotrichia	Firmicutes	Bacteria
Eikenella_corrodens_ATCC_23834	546274	Eikenella corrodens ATCC 23834	Eikenella corrodens	Eikenella	Neisseriaceae	Neisseriales	Betaproteobacteria	Proteobacteria	Bacteria
Enterobacter_aerogenes_KCTC_2190	1028307	Klebsiella aerogenes KCTC 2190	Klebsiella aerogenes	Klebsiella	Enterobacteriaceae	Enterobacterales	Gammaproteobacteria	Proteobacteria	Bacteria
Enterobacter_asburiae_LF7a	640513	Enterobacter asburiae LF7a	Enterobacter asburiae	Enterobacter	Enterobacteriaceae	Enterobacterales	Gammaproteobacteria	Proteobacteria	Bacteria
Enterobacter_cancerogenus_ATCC_35316	500639	Enterobacter cancerogenus ATCC 35316	Enterobacter cancerogenus	Enterobacter	Enterobacteriaceae	Enterobacterales	Gammaproteobacteria	Proteobacteria	Bacteria
Enterobacter_cloacae_EcWSU1	1045856	Enterobacter cloacae EcWSU1	Enterobacter cloacae	Enterobacter	Enterobacteriaceae	Enterobacterales	Gammaproteobacteria	Proteobacteria	Bacteria
Enterococcus_asini_ATCC_700915	1158606	Enterococcus asini ATCC 700915	Enterococcus asini	Enterococcus	Enterococcaceae	Lactobacillales	Bacilli	Firmicutes	Bacteria
Enterococcus_avium_ATCC_14025	1140002	Enterococcus avium ATCC 14025	Enterococcus avium	Enterococcus	Enterococcaceae	Lactobacillales	Bacilli	Firmicutes	Bacteria
Enterococcus_caccae_ATCC_BAA_1240	1158612	Enterococcus caccae ATCC BAA-1240	Enterococcus caccae	Enterococcus	Enterococcaceae	Lactobacillales	Bacilli	Firmicutes	Bacteria
Enterococcus_casseliflavus_ATCC_12755	888066	Enterococcus casseliflavus ATCC 12755	Enterococcus casseliflavus	Enterococcus	Enterococcaceae	Lactobacillales	Bacilli	Firmicutes	Bacteria
Enterococcus_dispar_ATCC_51266	1139219	Enterococcus dispar ATCC 51266	Enterococcus dispar	Enterococcus	Enterococcaceae	Lactobacillales	Bacilli	Firmicutes	Bacteria
Enterococcus_faecalis_OG1RF_ATCC_47077	474186	Enterococcus faecalis OG1RF	Enterococcus faecalis	Enterococcus	Enterococcaceae	Lactobacillales	Bacilli	Firmicutes	Bacteria
Enterococcus_faecalis_TX1322	525278	Enterococcus faecalis TX1322	Enterococcus faecalis	Enterococcus	Enterococcaceae	Lactobacillales	Bacilli	Firmicutes	Bacteria
Enterococcus_faecalis_V583	226185	Enterococcus faecalis V583	Enterococcus faecalis	Enterococcus	Enterococcaceae	Lactobacillales	Bacilli	Firmicutes	Bacteria
Enterococcus_faecium_TX1330	525279	Enterococcus faecium TX1330	Enterococcus faecium	Enterococcus	Enterococcaceae	Lactobacillales	Bacilli	Firmicutes	Bacteria
Enterococcus_hirae_ATCC_9790	768486	Enterococcus hirae ATCC 9790	Enterococcus hirae	Enterococcus	Enterococcaceae	Lactobacillales	Bacilli	Firmicutes	Bacteria
Enterococcus_phoeniculicola_ATCC_BAA_412	1158610	Enterococcus phoeniculicola ATCC BAA-412	Enterococcus phoeniculicola	Enterococcus	Enterococcaceae	Lactobacillales	Bacilli	Firmicutes	Bacteria
Erysipelotrichaceae_bacterium_5_2_54FAA	552396	Erysipelotrichaceae bacterium 5_2_54FAA	Erysipelotrichaceae bacterium 5_2_54FAA	unclassified Erysipelotrichaceae	Erysipelotrichaceae	Erysipelotrichales	Erysipelotrichia	Firmicutes	Bacteria
Erysipelotrichaceae_bacterium_sp_3_1_53	658659	Erysipelotrichaceae bacterium 3_1_53	Erysipelotrichaceae bacterium 3_1_53	unclassified Erysipelotrichaceae	Erysipelotrichaceae	Erysipelotrichales	Erysipelotrichia	Firmicutes	Bacteria
Escherichia_albertii_TW07627	502347	Escherichia albertii TW07627	Escherichia albertii	Escherichia	Enterobacteriaceae	Enterobacterales	Gammaproteobacteria	Proteobacteria	Bacteria
Escherichia_coli_O157_H7_str_Sakai	386585	Escherichia coli O157:H7 str. Sakai	Escherichia coli	Escherichia	Enterobacteriaceae	Enterobacterales	Gammaproteobacteria	Proteobacteria	Bacteria
Escherichia_coli_SE11	409438	Escherichia coli SE11	Escherichia coli	Escherichia	Enterobacteriaceae	Enterobacterales	Gammaproteobacteria	Proteobacteria	Bacteria
Escherichia_coli_str_K_12_substr_MG1655	511145	Escherichia coli str. K-12 substr. MG1655	Escherichia coli	Escherichia	Enterobacteriaceae	Enterobacterales	Gammaproteobacteria	Proteobacteria	Bacteria
Escherichia_coli_UTI89_UPEC	364106	Escherichia coli UTI89	Escherichia coli	Escherichia	Enterobacteriaceae	Enterobacterales	Gammaproteobacteria	Proteobacteria	Bacteria
Escherichia_fergusonii_ATCC_35469	585054	Escherichia fergusonii ATCC 35469	Escherichia fergusonii	Escherichia	Enterobacteriaceae	Enterobacterales	Gammaproteobacteria	Proteobacteria	Bacteria
Escherichia_sp_3_2_53FAA	561	Escherichia	Escherichia sp. 3_2_53FAA	Escherichia	Enterobacteriaceae	Enterobacterales	Gammaproteobacteria	Proteobacteria	Bacteria
Escherichia_sp_4_1_40B	457401	Escherichia sp. 4_1_40B	Escherichia sp. 4_1_40B	Escherichia	Enterobacteriaceae	Enterobacterales	Gammaproteobacteria	Proteobacteria	Bacteria
Eubacterium_biforme_DSM_3989	518637	Holdemanella biformis DSM 3989	Holdemanella biformis	Holdemanella	Erysipelotrichaceae	Erysipelotrichales	Erysipelotrichia	Firmicutes	Bacteria
Eubacterium_dolichum_DSM_3991	428127	Amedibacillus dolichus DSM 3991	Amedibacillus dolichus	Amedibacillus	Erysipelotrichaceae	Erysipelotrichales	Erysipelotrichia	Firmicutes	Bacteria
Eubacterium_eligens_ATCC_27750	515620	[Eubacterium] eligens ATCC 27750	Lachnospira eligens	Lachnospira	Lachnospiraceae	Eubacteriales	Clostridia	Firmicutes	Bacteria
Eubacterium_limosum_KIST612	903814	Eubacterium limosum KIST612	Eubacterium limosum	Eubacterium	Eubacteriaceae	Eubacteriales	Clostridia	Firmicutes	Bacteria
Eubacterium_rectale_ATCC_33656	515619	[Eubacterium] rectale ATCC 33656	[Eubacterium] rectale	unclassified Lachnospiraceae	Lachnospiraceae	Eubacteriales	Clostridia	Firmicutes	Bacteria
Eubacterium_saphenum_ATCC_49989	592031	Eubacterium saphenum ATCC 49989	[Eubacterium] saphenum	unclassified Clostridiales Incertae Sedis XIII	Eubacteriales Family XIII. Incertae Sedis	Eubacteriales	Clostridia	Firmicutes	Bacteria
Eubacterium_siraeum_DSM_15702	428128	[Eubacterium] siraeum DSM 15702	[Eubacterium] siraeum	unclassified Ruminococcaceae	Oscillospiraceae	Eubacteriales	Clostridia	Firmicutes	Bacteria
Eubacterium_ventriosum_ATCC_27560	411463	Eubacterium ventriosum ATCC 27560	Eubacterium ventriosum	Eubacterium	Eubacteriaceae	Eubacteriales	Clostridia	Firmicutes	Bacteria
Faecalibacterium_cf_prausnitzii_KLE1255	748224	Faecalibacterium cf. prausnitzii KLE1255	Faecalibacterium prausnitzii	Faecalibacterium	Oscillospiraceae	Eubacteriales	Clostridia	Firmicutes	Bacteria
Faecalibacterium_prausnitzii_M21_2	411485	Faecalibacterium prausnitzii M21/2	Faecalibacterium prausnitzii	Faecalibacterium	Oscillospiraceae	Eubacteriales	Clostridia	Firmicutes	Bacteria
Filifactor_alocis_ATCC_35896	546269	Filifactor alocis ATCC 35896	Filifactor alocis	Filifactor	Peptostreptococcaceae	Eubacteriales	Clostridia	Firmicutes	Bacteria
Finegoldia_magna_ATCC_29328	334413	Finegoldia magna ATCC 29328	Finegoldia magna	Finegoldia	Peptoniphilaceae	Tissierellales	Tissierellia	Firmicutes	Bacteria
Fusobacterium_gonidiaformans_ATCC_25563	469615	Fusobacterium gonidiaformans ATCC 25563	Fusobacterium gonidiaformans	Fusobacterium	Fusobacteriaceae	Fusobacteriales	Fusobacteriia	Fusobacteria	Bacteria
Fusobacterium_mortiferum_ATCC_9817	469616	Fusobacterium mortiferum ATCC 9817	Fusobacterium mortiferum	Fusobacterium	Fusobacteriaceae	Fusobacteriales	Fusobacteriia	Fusobacteria	Bacteria
Fusobacterium_necrophorum_D12	556263	Fusobacterium necrophorum D12	Fusobacterium necrophorum	Fusobacterium	Fusobacteriaceae	Fusobacteriales	Fusobacteriia	Fusobacteria	Bacteria
Fusobacterium_nucleatum_subsp_animalis_3_1_33	469603	Fusobacterium nucleatum subsp. animalis 3_1_33	Fusobacterium nucleatum	Fusobacterium	Fusobacteriaceae	Fusobacteriales	Fusobacteriia	Fusobacteria	Bacteria
Fusobacterium_nucleatum_subsp_animalis_7_1	457405	Fusobacterium nucleatum subsp. animalis 7_1	Fusobacterium nucleatum	Fusobacterium	Fusobacteriaceae	Fusobacteriales	Fusobacteriia	Fusobacteria	Bacteria
Fusobacterium_nucleatum_subsp_animalis_D11	556264	Fusobacterium nucleatum subsp. animalis D11	Fusobacterium nucleatum	Fusobacterium	Fusobacteriaceae	Fusobacteriales	Fusobacteriia	Fusobacteria	Bacteria
Fusobacterium_nucleatum_subsp_vincentii_3_1_27	469602	Fusobacterium nucleatum subsp. vincentii 3_1_27	Fusobacterium nucleatum	Fusobacterium	Fusobacteriaceae	Fusobacteriales	Fusobacteriia	Fusobacteria	Bacteria
Fusobacterium_nucleatum_subsp_vincentii_3_1_36A2	469604	Fusobacterium nucleatum subsp. vincentii 3_1_36A2	Fusobacterium nucleatum	Fusobacterium	Fusobacteriaceae	Fusobacteriales	Fusobacteriia	Fusobacteria	Bacteria
Fusobacterium_nucleatum_subsp_vincentii_4_1_13	469606	Fusobacterium nucleatum subsp. vincentii 4_1_13	Fusobacterium nucleatum	Fusobacterium	Fusobacteriaceae	Fusobacteriales	Fusobacteriia	Fusobacteria	Bacteria
Fusobacterium_periodonticum_1_1_41FAA	469621	Fusobacterium periodonticum 1_1_41FAA	Fusobacterium periodonticum	Fusobacterium	Fusobacteriaceae	Fusobacteriales	Fusobacteriia	Fusobacteria	Bacteria
Fusobacterium_periodonticum_2_1_31	469599	Fusobacterium periodonticum 2_1_31	Fusobacterium periodonticum	Fusobacterium	Fusobacteriaceae	Fusobacteriales	Fusobacteriia	Fusobacteria	Bacteria
Fusobacterium_russii_ATCC_25533	1278306	Fusobacterium russii ATCC 25533	Fusobacterium russii	Fusobacterium	Fusobacteriaceae	Fusobacteriales	Fusobacteriia	Fusobacteria	Bacteria
Fusobacterium_sp_4_8	469607	Fusobacterium nucleatum subsp. animalis 4_8	Fusobacterium nucleatum	Fusobacterium	Fusobacteriaceae	Fusobacteriales	Fusobacteriia	Fusobacteria	Bacteria
Fusobacterium_ulcerans_ATCC_49185	469617	Fusobacterium ulcerans ATCC 49185	Fusobacterium ulcerans	Fusobacterium	Fusobacteriaceae	Fusobacteriales	Fusobacteriia	Fusobacteria	Bacteria
Fusobacterium_varium_ATCC_27725	469618	Fusobacterium varium ATCC 27725	Fusobacterium varium	Fusobacterium	Fusobacteriaceae	Fusobacteriales	Fusobacteriia	Fusobacteria	Bacteria
Gemella_haemolysans_ATCC_10379	546270	Gemella haemolysans ATCC 10379	Gemella haemolysans	Gemella	Bacillales Incertae Sedis XI	Bacillales	Bacilli	Firmicutes	Bacteria
Gemella_morbillorum_M424	562982	Gemella morbillorum M424	Gemella morbillorum	Gemella	Bacillales Incertae Sedis XI	Bacillales	Bacilli	Firmicutes	Bacteria
Gemella_sanguinis_M325	562983	Gemella sanguinis M325	Gemella sanguinis	Gemella	Bacillales Incertae Sedis XI	Bacillales	Bacilli	Firmicutes	Bacteria
Gordonia_rubripertincta_NBRC_101908	1077975	Gordonia rubripertincta NBRC 101908	Gordonia rubripertincta	Gordonia	Gordoniaceae	Corynebacteriales	Actinomycetia	Actinobacteria	Bacteria
Gordonia_terrae_NBRC_100016	1089454	Gordonia terrae NBRC 100016	Gordonia terrae	Gordonia	Gordoniaceae	Corynebacteriales	Actinomycetia	Actinobacteria	Bacteria
Gordonibacter_pamelaeae_7_10_1_bT_DSM_19378	657308	Gordonibacter pamelaeae 7-10-1-b	Gordonibacter pamelaeae	Gordonibacter	Eggerthellaceae	Eggerthellales	Coriobacteriia	Actinobacteria	Bacteria
Grimontia_hollisae_CIP_101886	675812	Grimontia hollisae CIP 101886	Grimontia hollisae	Grimontia	Vibrionaceae	Vibrionales	Gammaproteobacteria	Proteobacteria	Bacteria
Haemophilus_haemolyticus_M19501	1028803	Haemophilus haemolyticus M19501	Haemophilus haemolyticus	Haemophilus	Pasteurellaceae	Pasteurellales	Gammaproteobacteria	Proteobacteria	Bacteria
Haemophilus_parainfluenzae_T3T1	862965	Haemophilus parainfluenzae T3T1	Haemophilus parainfluenzae	Haemophilus	Pasteurellaceae	Pasteurellales	Gammaproteobacteria	Proteobacteria	Bacteria
Helicobacter_bilis_ATCC_43879	613026	Helicobacter bilis ATCC 43879	Helicobacter bilis	Helicobacter	Helicobacteraceae	Campylobacterales	Epsilonproteobacteria	Proteobacteria	Bacteria
Helicobacter_canadensis_MIT_98_5491	537970	Helicobacter canadensis MIT 98-5491	Helicobacter canadensis	Helicobacter	Helicobacteraceae	Campylobacterales	Epsilonproteobacteria	Proteobacteria	Bacteria
Helicobacter_cinaedi_CCUG_18818	537971	Helicobacter cinaedi CCUG 18818 = ATCC BAA-847	Helicobacter cinaedi	Helicobacter	Helicobacteraceae	Campylobacterales	Epsilonproteobacteria	Proteobacteria	Bacteria
Helicobacter_pullorum_MIT_98_5489	537972	Helicobacter pullorum MIT 98-5489	Helicobacter pullorum	Helicobacter	Helicobacteraceae	Campylobacterales	Epsilonproteobacteria	Proteobacteria	Bacteria
Helicobacter_pylori_26695	85962	Helicobacter pylori 26695	Helicobacter pylori	Helicobacter	Helicobacteraceae	Campylobacterales	Epsilonproteobacteria	Proteobacteria	Bacteria
Helicobacter_winghamensis_ATCC_BAA_430	556267	Helicobacter winghamensis ATCC BAA-430	Helicobacter winghamensis	Helicobacter	Helicobacteraceae	Campylobacterales	Epsilonproteobacteria	Proteobacteria	Bacteria
Holdemania_filiformis_VPI_J1_31B_1_DSM_12042	545696	Holdemania filiformis DSM 12042	Holdemania filiformis	Holdemania	Erysipelotrichaceae	Erysipelotrichales	Erysipelotrichia	Firmicutes	Bacteria
Kingella_oralis_ATCC_51147	629741	Kingella oralis ATCC 51147	Kingella oralis	Kingella	Neisseriaceae	Neisseriales	Betaproteobacteria	Proteobacteria	Bacteria
Klebsiella_pneumoniae_pneumoniae_MGH78578	272620	Klebsiella pneumoniae subsp. pneumoniae MGH 78578	Klebsiella pneumoniae	Klebsiella	Enterobacteriaceae	Enterobacterales	Gammaproteobacteria	Proteobacteria	Bacteria
Kocuria_palustris_PEL	1236550	Kocuria palustris PEL	Kocuria palustris	Kocuria	Micrococcaceae	Micrococcales	Actinomycetia	Actinobacteria	Bacteria
Kocuria_rhizophila_DC2201	378753	Kocuria rhizophila DC2201	Kocuria rhizophila	Kocuria	Micrococcaceae	Micrococcales	Actinomycetia	Actinobacteria	Bacteria
Kytococcus_sedentarius_DSM_20547	478801	Kytococcus sedentarius DSM 20547	Kytococcus sedentarius	Kytococcus	Kytococcaceae	Micrococcales	Actinomycetia	Actinobacteria	Bacteria
Lachnospiraceae_bacterium_sp_8_1_57FAA	665951	Lachnospiraceae bacterium 8_1_57FAA	Lachnospiraceae bacterium 8_1_57FAA	unclassified Lachnospiraceae	Lachnospiraceae	Eubacteriales	Clostridia	Firmicutes	Bacteria
Lactobacillus_acidophilus_NCFM	272621	Lactobacillus acidophilus NCFM	Lactobacillus acidophilus	Lactobacillus	Lactobacillaceae	Lactobacillales	Bacilli	Firmicutes	Bacteria
Lactobacillus_amylovorus_GRL_1112	695560	Lactobacillus amylovorus GRL 1112	Lactobacillus amylovorus	Lactobacillus	Lactobacillaceae	Lactobacillales	Bacilli	Firmicutes	Bacteria
Lactobacillus_brevis_ATCC_367	387344	Levilactobacillus brevis ATCC 367	Levilactobacillus brevis	Levilactobacillus	Lactobacillaceae	Lactobacillales	Bacilli	Firmicutes	Bacteria
Lactobacillus_brevis_subsp_gravesensis_ATCC_27305	525310	Lentilactobacillus hilgardii ATCC 27305	Lentilactobacillus hilgardii	Lentilactobacillus	Lactobacillaceae	Lactobacillales	Bacilli	Firmicutes	Bacteria
Lactobacillus_buchneri_ATCC_11577	525318	Lentilactobacillus buchneri ATCC 11577	Lentilactobacillus buchneri	Lentilactobacillus	Lactobacillaceae	Lactobacillales	Bacilli	Firmicutes	Bacteria
Lactobacillus_casei_ATCC_334	321967	Lacticaseibacillus paracasei ATCC 334	Lacticaseibacillus paracasei	Lacticaseibacillus	Lactobacillaceae	Lactobacillales	Bacilli	Firmicutes	Bacteria
Lactobacillus_casei_casei_BL23	543734	Lacticaseibacillus casei BL23	Lacticaseibacillus casei	Lacticaseibacillus	Lactobacillaceae	Lactobacillales	Bacilli	Firmicutes	Bacteria
Lactobacillus_coleohominis_101_4_CHN	575594	Limosilactobacillus coleohominis 101-4-CHN	Limosilactobacillus coleohominis	Limosilactobacillus	Lactobacillaceae	Lactobacillales	Bacilli	Firmicutes	Bacteria
Lactobacillus_delbrueckii_subsp_bulgaricus_ATCC_11842	390333	Lactobacillus delbrueckii subsp. bulgaricus ATCC 11842 = JCM 1002	Lactobacillus delbrueckii	Lactobacillus	Lactobacillaceae	Lactobacillales	Bacilli	Firmicutes	Bacteria
Lactobacillus_delbrueckii_subsp_bulgaricus_ATCC_BAA_365	321956	Lactobacillus delbrueckii subsp. bulgaricus ATCC BAA-365	Lactobacillus delbrueckii	Lactobacillus	Lactobacillaceae	Lactobacillales	Bacilli	Firmicutes	Bacteria
Lactobacillus_fermentum_ATCC_14931	525325	Limosilactobacillus fermentum ATCC 14931	Limosilactobacillus fermentum	Limosilactobacillus	Lactobacillaceae	Lactobacillales	Bacilli	Firmicutes	Bacteria
Lactobacillus_fermentum_IFO_3956	334390	Limosilactobacillus fermentum IFO 3956	Limosilactobacillus fermentum	Limosilactobacillus	Lactobacillaceae	Lactobacillales	Bacilli	Firmicutes	Bacteria
Lactobacillus_gasseri_ATCC_33323	324831	Lactobacillus gasseri ATCC 33323 = JCM 1131	Lactobacillus gasseri	Lactobacillus	Lactobacillaceae	Lactobacillales	Bacilli	Firmicutes	Bacteria
Lactobacillus_helveticus_DPC_4571	405566	Lactobacillus helveticus DPC 4571	Lactobacillus helveticus	Lactobacillus	Lactobacillaceae	Lactobacillales	Bacilli	Firmicutes	Bacteria
Lactobacillus_hilgardii_ATCC_8290	1423757	Lentilactobacillus hilgardii DSM 20176 = ATCC 8290	Lentilactobacillus hilgardii	Lentilactobacillus	Lactobacillaceae	Lactobacillales	Bacilli	Firmicutes	Bacteria
Lactobacillus_johnsonii_DPC_6026	909954	Lactobacillus johnsonii DPC 6026	Lactobacillus johnsonii	Lactobacillus	Lactobacillaceae	Lactobacillales	Bacilli	Firmicutes	Bacteria
Lactobacillus_johnsonii_NCC_533	257314	Lactobacillus johnsonii NCC 533	Lactobacillus johnsonii	Lactobacillus	Lactobacillaceae	Lactobacillales	Bacilli	Firmicutes	Bacteria
Lactobacillus_mucosae_LM1	1130798	Limosilactobacillus mucosae LM1	Limosilactobacillus mucosae	Limosilactobacillus	Lactobacillaceae	Lactobacillales	Bacilli	Firmicutes	Bacteria
Lactobacillus_oris_F0423	944562	Limosilactobacillus oris F0423	Limosilactobacillus oris	Limosilactobacillus	Lactobacillaceae	Lactobacillales	Bacilli	Firmicutes	Bacteria
Lactobacillus_paracasei_subsp_paracasei_8700_2	537973	Lacticaseibacillus paracasei subsp. paracasei 8700:2	Lacticaseibacillus paracasei	Lacticaseibacillus	Lactobacillaceae	Lactobacillales	Bacilli	Firmicutes	Bacteria
Lactobacillus_paracasei_subsp_paracasei_ATCC_25302	525337	Lacticaseibacillus paracasei subsp. paracasei ATCC 25302 = DSM 5622 = JCM 8130	Lacticaseibacillus paracasei	Lacticaseibacillus	Lactobacillaceae	Lactobacillales	Bacilli	Firmicutes	Bacteria
Lactobacillus_pentosus_KCA1	1136177	Lactiplantibacillus pentosus KCA1	Lactiplantibacillus pentosus	Lactiplantibacillus	Lactobacillaceae	Lactobacillales	Bacilli	Firmicutes	Bacteria
Lactobacillus_plantarum_JDM1	644042	Lactiplantibacillus plantarum JDM1	Lactiplantibacillus plantarum	Lactiplantibacillus	Lactobacillaceae	Lactobacillales	Bacilli	Firmicutes	Bacteria
Lactobacillus_plantarum_subsp_plantarum_ATCC_14917	525338	Lactiplantibacillus plantarum subsp. plantarum ATCC 14917 = JCM 1149 = CGMCC 1.2437	Lactiplantibacillus plantarum	Lactiplantibacillus	Lactobacillaceae	Lactobacillales	Bacilli	Firmicutes	Bacteria
Lactobacillus_plantarum_WCFS1	220668	Lactiplantibacillus plantarum WCFS1	Lactiplantibacillus plantarum	Lactiplantibacillus	Lactobacillaceae	Lactobacillales	Bacilli	Firmicutes	Bacteria
Lactobacillus_reuteri_F275_JCM_1112	299033	Limosilactobacillus reuteri F275	Limosilactobacillus reuteri	Limosilactobacillus	Lactobacillaceae	Lactobacillales	Bacilli	Firmicutes	Bacteria
Lactobacillus_reuteri_SD2112_ATCC_55730	491077	Limosilactobacillus reuteri SD2112	Limosilactobacillus reuteri	Limosilactobacillus	Lactobacillaceae	Lactobacillales	Bacilli	Firmicutes	Bacteria
Lactobacillus_rhamnosus_GG_ATCC_53103	568703	Lacticaseibacillus rhamnosus GG	Lacticaseibacillus rhamnosus	Lacticaseibacillus	Lactobacillaceae	Lactobacillales	Bacilli	Firmicutes	Bacteria
Lactobacillus_rhamnosus_LMS2_1	525361	Lacticaseibacillus rhamnosus LMS2-1	Lacticaseibacillus rhamnosus	Lacticaseibacillus	Lactobacillaceae	Lactobacillales	Bacilli	Firmicutes	Bacteria
Lactobacillus_sakei_subsp_sakei_23K	314315	Latilactobacillus sakei subsp. sakei 23K	Latilactobacillus sakei	Latilactobacillus	Lactobacillaceae	Lactobacillales	Bacilli	Firmicutes	Bacteria
Lactobacillus_salivarius_salivarius_UCC118	362948	Ligilactobacillus salivarius UCC118	Ligilactobacillus salivarius	Ligilactobacillus	Lactobacillaceae	Lactobacillales	Bacilli	Firmicutes	Bacteria
Lactococcus_garvieae_ATCC_49156	420889	Lactococcus garvieae ATCC 49156	Lactococcus garvieae	Lactococcus	Streptococcaceae	Lactobacillales	Bacilli	Firmicutes	Bacteria
Lactococcus_raffinolactis_4877	1215915	Lactococcus raffinolactis 4877	Lactococcus raffinolactis	Lactococcus	Streptococcaceae	Lactobacillales	Bacilli	Firmicutes	Bacteria
Laribacter_hongkongensis_HLHK9	557598	Laribacter hongkongensis HLHK9	Laribacter hongkongensis	Laribacter	Chromobacteriaceae	Neisseriales	Betaproteobacteria	Proteobacteria	Bacteria
Leptotrichia_buccalis_C_1013_b	523794	Leptotrichia buccalis C-1013-b	Leptotrichia buccalis	Leptotrichia	Leptotrichiaceae	Fusobacteriales	Fusobacteriia	Fusobacteria	Bacteria
Leuconostoc_argentinum_KCTC_3773	886872	Leuconostoc lactis KCTC 3773	Leuconostoc lactis	Leuconostoc	Lactobacillaceae	Lactobacillales	Bacilli	Firmicutes	Bacteria
Leuconostoc_gelidum_JB7	1229756	Leuconostoc gelidum JB7	Leuconostoc gelidum	Leuconostoc	Lactobacillaceae	Lactobacillales	Bacilli	Firmicutes	Bacteria
Listeria_grayi_DSM_20601	525367	Listeria grayi DSM 20601	Listeria grayi	Listeria	Listeriaceae	Bacillales	Bacilli	Firmicutes	Bacteria
Listeria_monocytogenes_4a_L99	565047	Listeria monocytogenes serotype 4a str. L99	Listeria monocytogenes	Listeria	Listeriaceae	Bacillales	Bacilli	Firmicutes	Bacteria
Listeria_monocytogenes_4b_F2365	265669	Listeria monocytogenes serotype 4b str. F2365	Listeria monocytogenes	Listeria	Listeriaceae	Bacillales	Bacilli	Firmicutes	Bacteria
Listeria_monocytogenes_Finland_1988	393127	Listeria monocytogenes Finland 1998	Listeria monocytogenes	Listeria	Listeriaceae	Bacillales	Bacilli	Firmicutes	Bacteria
Listeria_monocytogenes_FSL_R2_561	393126	Listeria monocytogenes FSL R2-561	Listeria monocytogenes	Listeria	Listeriaceae	Bacillales	Bacilli	Firmicutes	Bacteria
Listeria_monocytogenes_J0161_FSL_R2_499	393130	Listeria monocytogenes J0161	Listeria monocytogenes	Listeria	Listeriaceae	Bacillales	Bacilli	Firmicutes	Bacteria
Listeria_monocytogenes_serotype_7_SLCC_2482	863767	Listeria monocytogenes serotype 7 str. SLCC2482	Listeria monocytogenes	Listeria	Listeriaceae	Bacillales	Bacilli	Firmicutes	Bacteria
Listeria_monocytogenes_SLCC_2378	879088	Listeria monocytogenes SLCC2378	Listeria monocytogenes	Listeria	Listeriaceae	Bacillales	Bacilli	Firmicutes	Bacteria
Listeria_monocytogenes_SLCC_2540	879089	Listeria monocytogenes SLCC2540	Listeria monocytogenes	Listeria	Listeriaceae	Bacillales	Bacilli	Firmicutes	Bacteria
Listeria_monocytogenes_SLCC_7179	879090	Listeria monocytogenes SLCC7179	Listeria monocytogenes	Listeria	Listeriaceae	Bacillales	Bacilli	Firmicutes	Bacteria
Lysinibacillus_fusiformis_ZB2	1231627	Lysinibacillus fusiformis ZB2	Lysinibacillus fusiformis	Lysinibacillus	Bacillaceae	Bacillales	Bacilli	Firmicutes	Bacteria
Lysinibacillus_sphaericus_C3_41	444177	Lysinibacillus sphaericus C3-41	Lysinibacillus sphaericus	Lysinibacillus	Bacillaceae	Bacillales	Bacilli	Firmicutes	Bacteria
Marvinbryantia_formatexigens_I_52_DSM_14469	478749	Marvinbryantia formatexigens DSM 14469	Marvinbryantia formatexigens	Marvinbryantia	Lachnospiraceae	Eubacteriales	Clostridia	Firmicutes	Bacteria
Megasphaera_elsdenii_DSM_20460	1064535	Megasphaera elsdenii DSM 20460	Megasphaera elsdenii	Megasphaera	Veillonellaceae	Veillonellales	Negativicutes	Firmicutes	Bacteria
Melainabacterium_MEL_A1	1899017	Candidatus Melainabacteria bacterium MEL.A1	Candidatus Melainabacterium	unclassified Candidatus Melainabacteria	unclassified Candidatus Melainabacteria	unclassified Candidatus Melainabacteria	unclassified Candidatus Melainabacteria	Candidatus Melainabacteria	Bacteria
Methanosphaera_stadtmanae_DSM_3091	339860	Methanosphaera stadtmanae DSM 3091	Methanosphaera stadtmanae	Methanosphaera	Methanobacteriaceae	Methanobacteriales	Methanobacteria	Euryarchaeota	Archaea
Methylobacterium_mesophilicum_SR1_6_6	908290	Methylobacterium mesophilicum SR1.6/6	Methylobacterium mesophilicum	Methylobacterium	Methylobacteriaceae	Hyphomicrobiales	Alphaproteobacteria	Proteobacteria	Bacteria
Methylobacterium_populi_BJ001	441620	Methylorubrum populi BJ001	Methylorubrum populi	Methylorubrum	Methylobacteriaceae	Hyphomicrobiales	Alphaproteobacteria	Proteobacteria	Bacteria
Methylobacterium_radiotolerans_JCM_2831	426355	Methylobacterium radiotolerans JCM 2831	Methylobacterium radiotolerans	Methylobacterium	Methylobacteriaceae	Hyphomicrobiales	Alphaproteobacteria	Proteobacteria	Bacteria
Methyloversatilis_universalis_FAM5	1000565	Methyloversatilis universalis FAM5	Methyloversatilis universalis	Methyloversatilis	Sterolibacteriaceae	Nitrosomonadales	Betaproteobacteria	Proteobacteria	Bacteria
Micrococcus_luteus_NCTC_2665	465515	Micrococcus luteus NCTC 2665	Micrococcus luteus	Micrococcus	Micrococcaceae	Micrococcales	Actinomycetia	Actinobacteria	Bacteria
Micromonospora_aurantiaca_ATCC_27029	644283	Micromonospora aurantiaca ATCC 27029	Micromonospora aurantiaca	Micromonospora	Micromonosporaceae	Micromonosporales	Actinomycetia	Actinobacteria	Bacteria
Mitsuokella_multacida_DSM_20544	500635	Mitsuokella multacida DSM 20544	Mitsuokella multacida	Mitsuokella	Selenomonadaceae	Selenomonadales	Negativicutes	Firmicutes	Bacteria
Mobiluncus_curtisii_ATCC_43063	548479	Mobiluncus curtisii ATCC 43063	Mobiluncus curtisii	Mobiluncus	Actinomycetaceae	Actinomycetales	Actinomycetia	Actinobacteria	Bacteria
Moraxella_catarrhalis_RH4	749219	Moraxella catarrhalis RH4	Moraxella catarrhalis	Moraxella	Moraxellaceae	Moraxellales	Gammaproteobacteria	Proteobacteria	Bacteria
Morganella_morganii_subsp_morganii_KT	1124991	Morganella morganii subsp. morganii KT	Morganella morganii	Morganella	Morganellaceae	Enterobacterales	Gammaproteobacteria	Proteobacteria	Bacteria
Mycobacterium_avium_subsp_avium_ATCC_25291	553481	Mycobacterium avium subsp. avium ATCC 25291	Mycobacterium avium	Mycobacterium	Mycobacteriaceae	Corynebacteriales	Actinomycetia	Actinobacteria	Bacteria
Mycobacterium_fortuitum_subsp_fortuitum_DSM_46621	1214102	Mycolicibacterium fortuitum subsp. fortuitum DSM 46621 = ATCC 6841 = JCM 6387	Mycolicibacterium fortuitum	Mycolicibacterium	Mycobacteriaceae	Corynebacteriales	Actinomycetia	Actinobacteria	Bacteria
Neisseria_cinerea_ATCC_14685	546262	Neisseria cinerea ATCC 14685	Neisseria cinerea	Neisseria	Neisseriaceae	Neisseriales	Betaproteobacteria	Proteobacteria	Bacteria
Neisseria_elongata_subsp_glycolytica_ATCC_29315	546263	Neisseria elongata subsp. glycolytica ATCC 29315	Neisseria elongata	Neisseria	Neisseriaceae	Neisseriales	Betaproteobacteria	Proteobacteria	Bacteria
Neisseria_flavescens_SK114	596320	Neisseria flavescens SK114	Neisseria flavescens	Neisseria	Neisseriaceae	Neisseriales	Betaproteobacteria	Proteobacteria	Bacteria
Neisseria_mucosa_ATCC_25996	546266	Neisseria mucosa ATCC 25996	Neisseria mucosa	Neisseria	Neisseriaceae	Neisseriales	Betaproteobacteria	Proteobacteria	Bacteria
Neisseria_subflava_NJ9703	546268	Neisseria subflava NJ9703	Neisseria subflava	Neisseria	Neisseriaceae	Neisseriales	Betaproteobacteria	Proteobacteria	Bacteria
Ochrobactrum_anthropi_ATCC_49188	439375	Brucella anthropi ATCC 49188	Brucella anthropi	Brucella	Brucellaceae	Hyphomicrobiales	Alphaproteobacteria	Proteobacteria	Bacteria
Odoribacter_laneus_YIT_12061	742817	Odoribacter laneus YIT 12061	Odoribacter laneus	Odoribacter	Odoribacteraceae	Bacteroidales	Bacteroidia	Bacteroidetes	Bacteria
Odoribacter_splanchnicus_1651_6_DSM_20712	709991	Odoribacter splanchnicus DSM 20712	Odoribacter splanchnicus	Odoribacter	Odoribacteraceae	Bacteroidales	Bacteroidia	Bacteroidetes	Bacteria
Olsenella_uli_DSM_7084	633147	Olsenella uli DSM 7084	Olsenella uli	Olsenella	Atopobiaceae	Coriobacteriales	Coriobacteriia	Actinobacteria	Bacteria
Oxalobacter_formigenes_HOxBLS	556268	Oxalobacter formigenes HOxBLS	Oxalobacter formigenes	Oxalobacter	Oxalobacteraceae	Burkholderiales	Betaproteobacteria	Proteobacteria	Bacteria
Oxalobacter_formigenes_OXCC13	556269	Oxalobacter formigenes OXCC13	Oxalobacter formigenes	Oxalobacter	Oxalobacteraceae	Burkholderiales	Betaproteobacteria	Proteobacteria	Bacteria
Paenibacillus_alvei_DSM_29	1206781	Paenibacillus alvei DSM 29	Paenibacillus alvei	Paenibacillus	Paenibacillaceae	Bacillales	Bacilli	Firmicutes	Bacteria
Paenibacillus_barengoltzii_G22	1235795	Paenibacillus barengoltzii G22	Paenibacillus barengoltzii	Paenibacillus	Paenibacillaceae	Bacillales	Bacilli	Firmicutes	Bacteria
Paenibacillus_daejeonensis_DSM_15491	1122917	Paenibacillus daejeonensis DSM 15491	Paenibacillus daejeonensis	Paenibacillus	Paenibacillaceae	Bacillales	Bacilli	Firmicutes	Bacteria
Paenibacillus_lactis_154	743719	Paenibacillus lactis 154	Paenibacillus lactis	Paenibacillus	Paenibacillaceae	Bacillales	Bacilli	Firmicutes	Bacteria
Parabacteroides_distasonis_ATCC_8503	435591	Parabacteroides distasonis ATCC 8503	Parabacteroides distasonis	Parabacteroides	Tannerellaceae	Bacteroidales	Bacteroidia	Bacteroidetes	Bacteria
Parabacteroides_goldsteinii_dnLKV18	1235789	Parabacteroides goldsteinii dnLKV18	Parabacteroides goldsteinii	Parabacteroides	Tannerellaceae	Bacteroidales	Bacteroidia	Bacteroidetes	Bacteria
Parabacteroides_merdae_ATCC_43184	411477	Parabacteroides merdae ATCC 43184	Parabacteroides merdae	Parabacteroides	Tannerellaceae	Bacteroidales	Bacteroidia	Bacteroidetes	Bacteria
Paraprevotella_clara_YIT_11840	762968	Paraprevotella clara YIT 11840	Paraprevotella clara	Paraprevotella	Prevotellaceae	Bacteroidales	Bacteroidia	Bacteroidetes	Bacteria
Paraprevotella_xylaniphila_YIT_11841	762982	Paraprevotella xylaniphila YIT 11841	Paraprevotella xylaniphila	Paraprevotella	Prevotellaceae	Bacteroidales	Bacteroidia	Bacteroidetes	Bacteria
Parvimonas_micra_ATCC_33270	411465	Parvimonas micra ATCC 33270	Parvimonas micra	Parvimonas	Peptoniphilaceae	Tissierellales	Tissierellia	Firmicutes	Bacteria
Pediococcus_acidilactici_DSM_20284	862514	Pediococcus acidilactici DSM 20284	Pediococcus acidilactici	Pediococcus	Lactobacillaceae	Lactobacillales	Bacilli	Firmicutes	Bacteria
Pediococcus_pentosaceus_ATCC_25745	278197	Pediococcus pentosaceus ATCC 25745	Pediococcus pentosaceus	Pediococcus	Lactobacillaceae	Lactobacillales	Bacilli	Firmicutes	Bacteria
Peptoniphilus_lacrimalis_DSM_7455	1122949	Peptoniphilus lacrimalis DSM 7455	Peptoniphilus lacrimalis	Peptoniphilus	Peptoniphilaceae	Tissierellales	Tissierellia	Firmicutes	Bacteria
Porphyromonas_asaccharolytica_DSM_20707	879243	Porphyromonas asaccharolytica DSM 20707	Porphyromonas asaccharolytica	Porphyromonas	Porphyromonadaceae	Bacteroidales	Bacteroidia	Bacteroidetes	Bacteria
Porphyromonas_endodontalis_ATCC_35406	553175	Porphyromonas endodontalis ATCC 35406	Porphyromonas endodontalis	Porphyromonas	Porphyromonadaceae	Bacteroidales	Bacteroidia	Bacteroidetes	Bacteria
Porphyromonas_gingivalis_W83	242619	Porphyromonas gingivalis W83	Porphyromonas gingivalis	Porphyromonas	Porphyromonadaceae	Bacteroidales	Bacteroidia	Bacteroidetes	Bacteria
Porphyromonas_somerae_DSM_23386	1122975	Porphyromonas somerae DSM 23386	Porphyromonas somerae	Porphyromonas	Porphyromonadaceae	Bacteroidales	Bacteroidia	Bacteroidetes	Bacteria
Porphyromonas_uenonis_60_3	596327	Porphyromonas uenonis 60-3	Porphyromonas uenonis	Porphyromonas	Porphyromonadaceae	Bacteroidales	Bacteroidia	Bacteroidetes	Bacteria
Prevotella_bivia_DSM_20514	868129	Prevotella bivia DSM 20514	Prevotella bivia	Prevotella	Prevotellaceae	Bacteroidales	Bacteroidia	Bacteroidetes	Bacteria
Prevotella_buccae_ATCC_33574	873513	Prevotella buccae ATCC 33574	Prevotella buccae	Prevotella	Prevotellaceae	Bacteroidales	Bacteroidia	Bacteroidetes	Bacteria
Prevotella_copri_CB7_DSM_18205	537011	Prevotella copri DSM 18205	Prevotella copri	Prevotella	Prevotellaceae	Bacteroidales	Bacteroidia	Bacteroidetes	Bacteria
Prevotella_denticola_F0289	767031	Prevotella denticola F0289	Prevotella denticola	Prevotella	Prevotellaceae	Bacteroidales	Bacteroidia	Bacteroidetes	Bacteria
Prevotella_disiens_FB035_09AN	866771	Prevotella disiens FB035-09AN	Prevotella disiens	Prevotella	Prevotellaceae	Bacteroidales	Bacteroidia	Bacteroidetes	Bacteria
Prevotella_intermedia_17	246198	Prevotella intermedia 17	Prevotella intermedia	Prevotella	Prevotellaceae	Bacteroidales	Bacteroidia	Bacteroidetes	Bacteria
Prevotella_melaninogenica_ATCC_25845	553174	Prevotella melaninogenica ATCC 25845	Prevotella melaninogenica	Prevotella	Prevotellaceae	Bacteroidales	Bacteroidia	Bacteroidetes	Bacteria
Prevotella_oralis_ATCC_33269	873533	Prevotella oralis ATCC 33269	Prevotella oralis	Prevotella	Prevotellaceae	Bacteroidales	Bacteroidia	Bacteroidetes	Bacteria
Prevotella_ruminicola_23	264731	Prevotella ruminicola 23	Prevotella ruminicola	Prevotella	Prevotellaceae	Bacteroidales	Bacteroidia	Bacteroidetes	Bacteria
Prevotella_timonensis_CRIS_5C_B1	679189	Prevotella timonensis CRIS 5C-B1	Prevotella timonensis	Prevotella	Prevotellaceae	Bacteroidales	Bacteroidia	Bacteroidetes	Bacteria
Propionibacterium_acidipropionici_ATCC_4875	1171373	Acidipropionibacterium acidipropionici ATCC 4875	Acidipropionibacterium acidipropionici	Acidipropionibacterium	Propionibacteriaceae	Propionibacteriales	Actinomycetia	Actinobacteria	Bacteria
Propionibacterium_acnes_KPA171202	267747	Cutibacterium acnes KPA171202	Cutibacterium acnes	Cutibacterium	Propionibacteriaceae	Propionibacteriales	Actinomycetia	Actinobacteria	Bacteria
Propionibacterium_avidum_44067	1170318	Cutibacterium avidum 44067	Cutibacterium avidum	Cutibacterium	Propionibacteriaceae	Propionibacteriales	Actinomycetia	Actinobacteria	Bacteria
Propionibacterium_propionicum_F0230a	767029	Arachnia propionica F0230a	Arachnia propionica	Arachnia	Propionibacteriaceae	Propionibacteriales	Actinomycetia	Actinobacteria	Bacteria
Providencia_rettgeri_DSM_1131	521000	Providencia rettgeri DSM 1131	Providencia rettgeri	Providencia	Morganellaceae	Enterobacterales	Gammaproteobacteria	Proteobacteria	Bacteria
Providencia_rustigianii_DSM_4541	500637	Providencia rustigianii DSM 4541	Providencia rustigianii	Providencia	Morganellaceae	Enterobacterales	Gammaproteobacteria	Proteobacteria	Bacteria
Providencia_stuartii_ATCC_25827	471874	Providencia stuartii ATCC 25827	Providencia stuartii	Providencia	Morganellaceae	Enterobacterales	Gammaproteobacteria	Proteobacteria	Bacteria
Pseudoflavonifractor_capillosus_strain_ATCC_29799	411467	Pseudoflavonifractor capillosus ATCC 29799	Pseudoflavonifractor capillosus	Pseudoflavonifractor	Oscillospiraceae	Eubacteriales	Clostridia	Firmicutes	Bacteria
Pseudomonas_aeruginosa_NCGM2_S1	1089456	Pseudomonas aeruginosa NCGM2.S1	Pseudomonas aeruginosa	Pseudomonas	Pseudomonadaceae	Pseudomonadales	Gammaproteobacteria	Proteobacteria	Bacteria
Pseudomonas_alcaliphila_34	1248438	Pseudomonas alcaliphila 34	Pseudomonas alcaliphila	Pseudomonas	Pseudomonadaceae	Pseudomonadales	Gammaproteobacteria	Proteobacteria	Bacteria
Pseudoramibacter_alactolyticus_ATCC_23263	887929	Pseudoramibacter alactolyticus ATCC 23263	Pseudoramibacter alactolyticus	Pseudoramibacter	Eubacteriaceae	Eubacteriales	Clostridia	Firmicutes	Bacteria
Pyramidobacter_piscolens_W5455	352165	Pyramidobacter piscolens W5455	Pyramidobacter piscolens	Pyramidobacter	Synergistaceae	Synergistales	Synergistia	Synergistetes	Bacteria
Ralstonia_sp_5_7_47FAA	329	Ralstonia pickettii	Ralstonia pickettii	Ralstonia	Burkholderiaceae	Burkholderiales	Betaproteobacteria	Proteobacteria	Bacteria
Rhodococcus_equi_ATCC_33707	525370	Rhodococcus hoagii ATCC 33707	Rhodococcus hoagii	Rhodococcus	Nocardiaceae	Corynebacteriales	Actinomycetia	Actinobacteria	Bacteria
Roseburia_intestinalis_L1_82	536231	Roseburia intestinalis L1-82	Roseburia intestinalis	Roseburia	Lachnospiraceae	Eubacteriales	Clostridia	Firmicutes	Bacteria
Rothia_dentocariosa_ATCC_17931	762948	Rothia dentocariosa ATCC 17931	Rothia dentocariosa	Rothia	Micrococcaceae	Micrococcales	Actinomycetia	Actinobacteria	Bacteria
Rothia_mucilaginosa_DY_18	680646	Rothia mucilaginosa DY-18	Rothia mucilaginosa	Rothia	Micrococcaceae	Micrococcales	Actinomycetia	Actinobacteria	Bacteria
Ruminococcaceae_bacterium_D16	552398	Ruminococcaceae bacterium D16	Ruminococcaceae bacterium D16	unclassified Ruminococcaceae	Oscillospiraceae	Eubacteriales	Clostridia	Firmicutes	Bacteria
Ruminococcus_albus_7	697329	Ruminococcus albus 7 = DSM 20455	Ruminococcus albus	Ruminococcus	Oscillospiraceae	Eubacteriales	Clostridia	Firmicutes	Bacteria
Ruminococcus_bicirculans_80_3	1160721	Ruminococcus bicirculans	Ruminococcus bicirculans	Ruminococcus	Oscillospiraceae	Eubacteriales	Clostridia	Firmicutes	Bacteria
Ruminococcus_champanellensis_18P13	213810	Ruminococcus champanellensis 18P13 = JCM 17042	Ruminococcus champanellensis	Ruminococcus	Oscillospiraceae	Eubacteriales	Clostridia	Firmicutes	Bacteria
Ruminococcus_flavefaciens_FD_1	641112	Ruminococcus flavefaciens FD-1	Ruminococcus flavefaciens	Ruminococcus	Oscillospiraceae	Eubacteriales	Clostridia	Firmicutes	Bacteria
Ruminococcus_gnavus_ATCC_29149	411470	[Ruminococcus] gnavus ATCC 29149	[Ruminococcus] gnavus	Mediterraneibacter	Lachnospiraceae	Eubacteriales	Clostridia	Firmicutes	Bacteria
Ruminococcus_lactaris_ATCC_29176	471875	[Ruminococcus] lactaris ATCC 29176	[Ruminococcus] lactaris	Mediterraneibacter	Lachnospiraceae	Eubacteriales	Clostridia	Firmicutes	Bacteria
Ruminococcus_sp_5_1_39BFAA	457412	Ruminococcus sp. 5_1_39BFAA	Ruminococcus sp. 5_1_39BFAA	Ruminococcus	Oscillospiraceae	Eubacteriales	Clostridia	Firmicutes	Bacteria
Ruminococcus_torques_ATCC_27756	411460	[Ruminococcus] torques ATCC 27756	[Ruminococcus] torques	Mediterraneibacter	Lachnospiraceae	Eubacteriales	Clostridia	Firmicutes	Bacteria
Scardovia_inopinata_F0304	641146	Scardovia inopinata F0304	Scardovia inopinata	Scardovia	Bifidobacteriaceae	Bifidobacteriales	Actinomycetia	Actinobacteria	Bacteria
Slackia_exigua_ATCC_700122	649764	Slackia exigua ATCC 700122	Slackia exigua	Slackia	Eggerthellaceae	Eggerthellales	Coriobacteriia	Actinobacteria	Bacteria
Solobacterium_moorei_F0204	706433	Solobacterium moorei F0204	Solobacterium moorei	Solobacterium	Erysipelotrichaceae	Erysipelotrichales	Erysipelotrichia	Firmicutes	Bacteria
Staphylococcus_arlettae_CVD059	1212545	Staphylococcus arlettae CVD059	Staphylococcus arlettae	Staphylococcus	Staphylococcaceae	Bacillales	Bacilli	Firmicutes	Bacteria
Staphylococcus_capitis_QN1	1189311	Staphylococcus capitis QN1	Staphylococcus capitis	Staphylococcus	Staphylococcaceae	Bacillales	Bacilli	Firmicutes	Bacteria
Staphylococcus_caprae_C87	435838	Staphylococcus capitis C87	Staphylococcus capitis	Staphylococcus	Staphylococcaceae	Bacillales	Bacilli	Firmicutes	Bacteria
Staphylococcus_epidermidis_ATCC_12228	176280	Staphylococcus epidermidis ATCC 12228	Staphylococcus epidermidis	Staphylococcus	Staphylococcaceae	Bacillales	Bacilli	Firmicutes	Bacteria
Staphylococcus_equorum_subsp_equorum_Mu2	1159488	Staphylococcus equorum subsp. equorum Mu2	Staphylococcus equorum	Staphylococcus	Staphylococcaceae	Bacillales	Bacilli	Firmicutes	Bacteria
Staphylococcus_haemolyticus_JCSC1435	279808	Staphylococcus haemolyticus JCSC1435	Staphylococcus haemolyticus	Staphylococcus	Staphylococcaceae	Bacillales	Bacilli	Firmicutes	Bacteria
Staphylococcus_hominis_subsp_hominis_C80	435837	Staphylococcus hominis subsp. hominis C80	Staphylococcus hominis	Staphylococcus	Staphylococcaceae	Bacillales	Bacilli	Firmicutes	Bacteria
Staphylococcus_lugdunensis_HKU09_01	698737	Staphylococcus lugdunensis HKU09-01	Staphylococcus lugdunensis	Staphylococcus	Staphylococcaceae	Bacillales	Bacilli	Firmicutes	Bacteria
Staphylococcus_pettenkoferi_VCU012	904314	Staphylococcus pettenkoferi VCU012	Staphylococcus pettenkoferi	Staphylococcus	Staphylococcaceae	Bacillales	Bacilli	Firmicutes	Bacteria
Staphylococcus_saprophyticus_subsp_saprophyticus_ATCC_15305	342451	Staphylococcus saprophyticus subsp. saprophyticus ATCC 15305 = NCTC 7292	Staphylococcus saprophyticus	Staphylococcus	Staphylococcaceae	Bacillales	Bacilli	Firmicutes	Bacteria
Staphylococcus_simulans_ACS_120_V_Sch1	883166	Staphylococcus simulans ACS-120-V-Sch1	Staphylococcus simulans	Staphylococcus	Staphylococcaceae	Bacillales	Bacilli	Firmicutes	Bacteria
Staphylococcus_warneri_SG1	1194526	Staphylococcus warneri SG1	Staphylococcus warneri	Staphylococcus	Staphylococcaceae	Bacillales	Bacilli	Firmicutes	Bacteria
Staphylococcus_xylosus_DMB3_Bh1	1353979	Staphylococcus xylosus DMB3-Bh1	Staphylococcus xylosus	Staphylococcus	Staphylococcaceae	Bacillales	Bacilli	Firmicutes	Bacteria
Stenotrophomonas_maltophilia_D457	1163399	Stenotrophomonas maltophilia D457	Stenotrophomonas maltophilia	Stenotrophomonas	Xanthomonadaceae	Xanthomonadales	Gammaproteobacteria	Proteobacteria	Bacteria
Streptococcus_agalactiae_A909	205921	Streptococcus agalactiae A909	Streptococcus agalactiae	Streptococcus	Streptococcaceae	Lactobacillales	Bacilli	Firmicutes	Bacteria
Streptococcus_anginosus_1_2_62CV	742820	Streptococcus anginosus 1_2_62CV	Streptococcus anginosus	Streptococcus	Streptococcaceae	Lactobacillales	Bacilli	Firmicutes	Bacteria
Streptococcus_australis_ATCC_700641	888833	Streptococcus australis ATCC 700641	Streptococcus australis	Streptococcus	Streptococcaceae	Lactobacillales	Bacilli	Firmicutes	Bacteria
Streptococcus_constellatus_subsp_constellatus_SK53	1095730	Streptococcus constellatus subsp. constellatus SK53	Streptococcus constellatus	Streptococcus	Streptococcaceae	Lactobacillales	Bacilli	Firmicutes	Bacteria
Streptococcus_cristatus_ATCC_51100	889201	Streptococcus cristatus ATCC 51100	Streptococcus cristatus	Streptococcus	Streptococcaceae	Lactobacillales	Bacilli	Firmicutes	Bacteria
Streptococcus_dysgalactiae_subsp_dysgalactiae_ATCC_27957	663952	Streptococcus dysgalactiae subsp. dysgalactiae ATCC 27957	Streptococcus dysgalactiae	Streptococcus	Streptococcaceae	Lactobacillales	Bacilli	Firmicutes	Bacteria
Streptococcus_gallolyticus_subsp_gallolyticus_ATCC_43143	981539	Streptococcus gallolyticus subsp. gallolyticus ATCC 43143	Streptococcus gallolyticus	Streptococcus	Streptococcaceae	Lactobacillales	Bacilli	Firmicutes	Bacteria
Streptococcus_gordonii_str_Challis_substr_CH1	467705	Streptococcus gordonii str. Challis substr. CH1	Streptococcus gordonii	Streptococcus	Streptococcaceae	Lactobacillales	Bacilli	Firmicutes	Bacteria
Streptococcus_intermedius_JTH08	591365	Streptococcus intermedius JTH08	Streptococcus intermedius	Streptococcus	Streptococcaceae	Lactobacillales	Bacilli	Firmicutes	Bacteria
Streptococcus_mitis_NCTC_12261	246201	Streptococcus mitis NCTC 12261	Streptococcus mitis	Streptococcus	Streptococcaceae	Lactobacillales	Bacilli	Firmicutes	Bacteria
Streptococcus_mutans_ATCC_25175	1257041	Streptococcus mutans ATCC 25175	Streptococcus mutans	Streptococcus	Streptococcaceae	Lactobacillales	Bacilli	Firmicutes	Bacteria
Streptococcus_oralis_Uo5	927666	Streptococcus oralis Uo5	Streptococcus oralis	Streptococcus	Streptococcaceae	Lactobacillales	Bacilli	Firmicutes	Bacteria
Streptococcus_parauberis_KCTC_11537	936154	Streptococcus parauberis KCTC 11537	Streptococcus parauberis	Streptococcus	Streptococcaceae	Lactobacillales	Bacilli	Firmicutes	Bacteria
Streptococcus_salivarius_JIM8777	347253	Streptococcus salivarius JIM8777	Streptococcus salivarius	Streptococcus	Streptococcaceae	Lactobacillales	Bacilli	Firmicutes	Bacteria
Streptococcus_sanguinis_SK36	388919	Streptococcus sanguinis SK36	Streptococcus sanguinis	Streptococcus	Streptococcaceae	Lactobacillales	Bacilli	Firmicutes	Bacteria
Streptococcus_sp_2_1_36FAA	469609	Streptococcus sp. 2_1_36FAA	Streptococcus sp. 2_1_36FAA	Streptococcus	Streptococcaceae	Lactobacillales	Bacilli	Firmicutes	Bacteria
Streptococcus_sp_I_G2	1156431	Streptococcus ilei	Streptococcus sp. I-G2	Streptococcus	Streptococcaceae	Lactobacillales	Bacilli	Firmicutes	Bacteria
Streptococcus_sp_I_P16	1156433	Streptococcus ilei	Streptococcus sp. I-P16	Streptococcus	Streptococcaceae	Lactobacillales	Bacilli	Firmicutes	Bacteria
Streptococcus_thermophilus_LMG_18311	264199	Streptococcus thermophilus LMG 18311	Streptococcus thermophilus	Streptococcus	Streptococcaceae	Lactobacillales	Bacilli	Firmicutes	Bacteria
Streptococcus_uberis_0140J	218495	Streptococcus uberis 0140J	Streptococcus uberis	Streptococcus	Streptococcaceae	Lactobacillales	Bacilli	Firmicutes	Bacteria
Streptococcus_vestibularis_F0396	904306	Streptococcus vestibularis F0396	Streptococcus vestibularis	Streptococcus	Streptococcaceae	Lactobacillales	Bacilli	Firmicutes	Bacteria
Subdoligranulum_variabile_DSM_15176	411471	Subdoligranulum variabile DSM 15176	Subdoligranulum variabile	Subdoligranulum	Oscillospiraceae	Eubacteriales	Clostridia	Firmicutes	Bacteria
Sulfolobus_solfataricus_P2	273057	Saccharolobus solfataricus P2	Saccharolobus solfataricus	Saccharolobus	Sulfolobaceae	Sulfolobales	Thermoprotei	Crenarchaeota	Archaea
Sutterella_wadsworthensis_3_1_45B	742821	Sutterella wadsworthensis 3_1_45B	Sutterella wadsworthensis	Sutterella	Sutterellaceae	Burkholderiales	Betaproteobacteria	Proteobacteria	Bacteria
Tannerella_forsythia_ATCC_43037	28112	Tannerella forsythia	Tannerella forsythia	Tannerella	Tannerellaceae	Bacteroidales	Bacteroidia	Bacteroidetes	Bacteria
Tropheryma_whipplei_str_Twist	203267	Tropheryma whipplei str. Twist	Tropheryma whipplei	Tropheryma	Tropherymataceae	Micrococcales	Actinomycetia	Actinobacteria	Bacteria
Ureaplasma_parvum_serovar_1_str_ATCC_27813	515608	Ureaplasma parvum serovar 1 str. ATCC 27813	Ureaplasma parvum	Ureaplasma	Mycoplasmataceae	Mycoplasmatales	Mollicutes	Tenericutes	Bacteria
Ureaplasma_urealyticum_serovar_8_str_ATCC_27618	626095	Ureaplasma urealyticum serovar 8 str. ATCC 27618	Ureaplasma urealyticum	Ureaplasma	Mycoplasmataceae	Mycoplasmatales	Mollicutes	Tenericutes	Bacteria
Varibaculum_cambriense_DSM_15806	1123488	Varibaculum cambriense DSM 15806	Varibaculum cambriense	Varibaculum	Actinomycetaceae	Actinomycetales	Actinomycetia	Actinobacteria	Bacteria
Veillonella_atypica_ACS_049_V_Sch6	866776	Veillonella atypica ACS-049-V-Sch6	Veillonella atypica	Veillonella	Veillonellaceae	Veillonellales	Negativicutes	Firmicutes	Bacteria
Veillonella_dispar_ATCC_17748	546273	Veillonella dispar ATCC 17748	Veillonella dispar	Veillonella	Veillonellaceae	Veillonellales	Negativicutes	Firmicutes	Bacteria
Veillonella_parvula_Te3_DSM_2008	479436	Veillonella parvula DSM 2008	Veillonella parvula	Veillonella	Veillonellaceae	Veillonellales	Negativicutes	Firmicutes	Bacteria
Veillonella_ratti_ACS_216_V_Col6b	883156	Veillonella seminalis ACS-216-V-Col6b	Veillonella seminalis	Veillonella	Veillonellaceae	Veillonellales	Negativicutes	Firmicutes	Bacteria
Veillonella_sp_3_1_44	457416	Veillonella sp. 3_1_44	Veillonella sp. 3_1_44	Veillonella	Veillonellaceae	Veillonellales	Negativicutes	Firmicutes	Bacteria
Veillonella_sp_6_1_27	450749	Veillonella sp. 6_1_27	Veillonella sp. 6_1_27	Veillonella	Veillonellaceae	Veillonellales	Negativicutes	Firmicutes	Bacteria
Vibrio_furnissii_NCTC_11218	903510	Vibrio furnissii NCTC 11218	Vibrio furnissii	Vibrio	Vibrionaceae	Vibrionales	Gammaproteobacteria	Proteobacteria	Bacteria
Vibrio_mimicus_MB_451	675806	Vibrio mimicus MB451	Vibrio mimicus	Vibrio	Vibrionaceae	Vibrionales	Gammaproteobacteria	Proteobacteria	Bacteria
Vibrio_parahaemolyticus_RIMD_2210633	223926	Vibrio parahaemolyticus RIMD 2210633	Vibrio parahaemolyticus	Vibrio	Vibrionaceae	Vibrionales	Gammaproteobacteria	Proteobacteria	Bacteria
Weissella_cibaria_KACC_11862	911104	Weissella cibaria KACC 11862	Weissella cibaria	Weissella	Lactobacillaceae	Lactobacillales	Bacilli	Firmicutes	Bacteria
Yersinia_enterocolitica_subsp_enterocolitica_8081	393305	Yersinia enterocolitica subsp. enterocolitica 8081	Yersinia enterocolitica	Yersinia	Yersiniaceae	Enterobacterales	Gammaproteobacteria	Proteobacteria	Bacteria
Yersinia_frederiksenii_ATCC_33641	349966	Yersinia frederiksenii ATCC 33641	Yersinia frederiksenii	Yersinia	Yersiniaceae	Enterobacterales	Gammaproteobacteria	Proteobacteria	Bacteria
Yersinia_kristensenii_ATCC_33638	527012	Yersinia kristensenii ATCC 33638	Yersinia kristensenii	Yersinia	Yersiniaceae	Enterobacterales	Gammaproteobacteria	Proteobacteria	Bacteria
Yersinia_pseudotuberculosis_YPIII	502800	Yersinia pseudotuberculosis YPIII	Yersinia pseudotuberculosis	Yersinia	Yersiniaceae	Enterobacterales	Gammaproteobacteria	Proteobacteria	Bacteria
Yersinia_rohdei_ATCC_43380	527004	Yersinia rohdei ATCC 43380	Yersinia rohdei	Yersinia	Yersiniaceae	Enterobacterales	Gammaproteobacteria	Proteobacteria	Bacteria
